0,0,0,0,0,0,0,0,0,0,0,0,0,0,0,0,-90.03703704,0,0,-90.31578947,0,0,0,0,0,0,0,0,0,-90.6,0,0,0,0,0,-90.83333333,0,0,0,0,0,-65.01960784,0,-82.53333333,0,0,0,0,0,0,0,0,0,0,0,0,0,0,0,0,0,0,0,0,0,0,0,0,0,0,0,0,0,0,0,0,0,0,0,0,0,0,0,0,0,0,0,0,0,0,0,0,0,0,0,0,0,0,0,0,0,0,0,0,0,0,0,0,0,0,0,0,0,0,0,0,0,0,0,0,0,0,0,0,0,0,0,-90,0,0,0,0
0,0,0,0,0,0,0,0,0,0,0,0,0,0,0,0,-88.08695652,0,0,-89.8125,0,0,0,0,0,-90.4375,0,0,0,-90.52380952,0,0,0,0,0,-91.5625,0,0,0,0,0,-64.86,0,-83.71428571,0,0,0,0,0,0,0,0,0,0,0,0,0,0,0,0,0,0,0,0,0,0,0,0,0,0,0,0,0,0,0,0,0,0,0,0,0,0,0,0,0,0,0,0,0,-78,0,0,0,0,0,0,0,0,0,0,0,0,0,0,0,0,0,0,0,0,0,0,0,0,0,0,0,0,0,0,0,0,0,0,0,0,0,-91.5,0,0,0,0
0,0,0,0,0,0,0,0,0,0,0,0,0,0,-92.66666667,0,-88.57575758,0,0,-89.88,0,0,0,0,0,0,0,-92.8,0,-93.2,0,0,0,0,0,-93,0,0,0,0,0,-66.58823529,-61.94117647,-87.29411765,-88.98039216,0,0,0,0,0,0,0,0,0,0,0,-87,0,0,0,0,0,0,0,0,0,0,-95,0,0,0,0,0,0,-91,0,0,0,0,0,-94,0,0,0,0,0,0,0,0,-88,0,-88,-90,0,0,0,-87.95744681,0,0,0,0,0,0,0,0,0,0,0,0,0,0,0,0,0,0,0,-94,0,0,0,0,0,0,0,0,0,0,-93,0,0,0,0
0,0,0,0,0,0,0,0,0,0,0,0,0,0,0,0,-84.47727273,0,0,-90.26315789,0,0,0,0,0,-89.76,0,-91.12820513,0,-88.97222222,0,0,0,0,0,-88.47058824,0,0,0,0,0,-58.43137255,0,-83.79487179,0,0,0,0,0,0,0,0,0,0,0,0,0,0,0,0,0,0,0,0,0,0,0,0,0,0,0,0,0,0,0,0,0,0,0,0,0,0,0,0,0,0,0,0,0,-83.52380952,0,0,0,0,0,0,-85.19444444,0,0,0,0,0,-89.88888889,0,0,0,0,0,0,0,0,0,0,0,0,0,0,0,0,0,0,0,0,0,0,0,0,-88.74285714,0,0,0,0
0,0,0,0,0,0,0,0,0,0,0,0,0,-95.85714286,0,0,-87,0,0,-91.72413793,0,0,0,0,0,-91,0,0,0,-89.63636364,0,0,0,0,0,0,0,0,0,0,0,-67.47058824,-62.62745098,-85.58823529,-89.31372549,0,0,0,0,0,0,0,0,0,-95,0,0,0,0,0,0,0,0,0,0,0,0,-89,0,0,0,0,0,0,-95,0,0,0,0,0,0,0,0,0,0,0,0,0,0,-85,0,-89.35135135,-93,0,0,0,0,-90,0,0,0,0,-90.15384615,0,0,0,0,0,0,0,0,0,0,0,0,0,-93.71428571,0,0,0,0,0,0,0,0,0,0,0,0,0,0,0
0,0,0,0,0,0,0,0,0,0,0,0,0,-89,-90.71428571,0,-82.92,0,0,-89.64,0,0,0,0,0,-86,0,-90.94444444,0,-88.71428571,0,0,0,0,0,-89,0,0,0,0,0,-59.52941176,0,-83.35555556,0,0,0,0,0,0,0,0,0,0,0,0,0,0,0,0,0,0,0,0,0,0,0,0,0,0,0,0,0,0,0,0,0,0,0,0,-91,0,0,0,0,0,0,0,0,-84.3125,0,0,0,0,0,0,-86,0,0,0,0,0,-89.85294118,0,0,0,0,0,0,0,0,0,0,0,0,0,0,0,0,0,0,0,0,0,0,0,0,-89.05263158,0,0,0,0
0,0,0,0,0,0,0,0,0,0,0,0,0,-93.5,-95,0,-83,0,0,-90.22222222,0,0,0,0,0,-89.1875,0,-94,0,-84.33333333,0,0,0,0,0,-87.15384615,0,0,0,0,0,-67.6,-62.08,-87.33333333,-88.56,0,0,0,0,0,0,0,0,0,0,0,0,0,0,0,0,0,0,0,0,0,0,-93,0,0,0,0,0,0,0,0,0,0,0,0,0,0,0,0,0,0,0,0,0,-78,-90,-87.33333333,-91,0,0,-86,0,-91,0,0,0,0,-91,0,0,0,0,0,0,0,0,0,0,0,0,0,-89,0,0,-93.88888889,0,0,0,0,0,0,0,-93,-93,0,0,0
0,-93,0,0,0,0,0,0,0,0,0,0,0,-90.6,-90,0,-78.06,0,0,-88.90909091,0,0,0,0,0,-90.90909091,0,-83,0,-85.48888889,0,0,0,0,0,-89.13888889,0,0,0,0,0,-57.16,0,-84.21621622,0,0,0,0,0,0,0,0,0,0,0,0,0,0,0,0,0,0,0,0,0,0,0,0,0,0,0,0,0,0,0,0,0,0,0,0,0,0,0,0,0,0,0,0,0,-76,0,-85.25,0,0,0,0,-86.5,0,0,0,0,0,-88.8125,0,0,0,0,0,0,0,0,0,0,0,0,0,0,-87,0,-91,0,0,0,0,0,0,0,-88.13513514,0,0,0,0
0,-95.6,0,0,0,0,0,0,0,0,0,0,0,-93.36363636,-92,0,-83.03921569,0,0,-90.44444444,0,0,0,0,0,-88.77777778,0,-87,0,-92,0,0,0,0,0,-79,0,0,0,0,0,-67,-56.07843137,-82.51020408,-89.15686275,0,0,0,0,-96,0,0,0,0,0,0,0,0,0,0,0,0,0,0,0,0,0,0,0,0,0,0,0,0,-92.6,0,0,0,0,0,0,0,0,0,0,0,0,0,0,0,0,-91.71428571,-91,0,0,0,0,-90,0,0,0,-93.05263158,-89.08108108,0,0,0,0,0,-95,0,0,0,0,0,-93,0,0,0,0,0,0,0,0,0,0,0,0,-87,0,0,0,0
0,0,0,0,0,0,0,0,0,0,0,0,0,-90.85,-88.96,0,-74.02,0,0,-90.41935484,0,0,0,0,0,-88.44186047,0,-90.10714286,0,-84.40816327,0,0,0,0,0,-88.35135135,0,0,0,0,0,-59.78431373,0,-80.37777778,0,0,0,0,0,-89.8,0,0,0,0,0,0,0,0,0,0,0,0,0,0,0,0,0,0,0,0,0,0,0,0,-91.5,0,0,0,0,0,-92.33333333,0,0,0,0,0,0,0,0,0,0,-84.42857143,0,0,0,0,-88,0,0,0,0,0,-90.32258065,0,0,0,0,0,-90.67857143,0,0,0,0,0,0,0,-93,0,0,-91,0,0,0,0,0,0,0,-85.73684211,0,0,0,0
0,0,0,0,0,0,0,0,0,0,0,0,0,0,0,0,-57.33333333,0,0,-92,0,0,0,0,0,-94.52631579,0,0,0,-92.2,0,0,0,0,0,-92,0,0,0,-90.72413793,-91,-50.82352941,-50.21568627,-88.03225806,-89.50980392,0,0,0,0,0,0,-92,0,0,0,0,0,0,0,-85.42857143,0,0,0,0,0,0,0,-91,0,0,-82.96078431,0,0,0,0,0,0,0,0,0,0,0,0,0,0,0,0,0,0,-86.17391304,0,-71.25490196,-87.19607843,-81.15686275,-83,-86.35294118,-89,0,0,0,0,0,-93.27272727,-89.8,0,0,0,0,0,0,-95,0,0,0,0,0,0,0,0,0,0,0,0,0,0,0,0,0,0,0,0,0
0,0,0,0,0,0,0,0,0,0,0,0,0,0,-91,0,-58.36,0,0,-90.15,0,0,0,0,0,-91,0,-92.5,0,-89.47368421,0,0,0,0,0,-89.17241379,0,0,0,-90.88888889,0,-47.98,0,-80.73333333,0,0,0,0,0,0,0,0,0,0,0,0,0,0,0,-88.87878788,0,0,0,0,0,0,0,0,0,0,-78.81632653,0,0,0,0,0,0,0,0,0,0,0,0,0,0,0,0,0,0,-80.08333333,0,-65.30612245,0,-82.1875,0,-86.30769231,0,0,0,0,0,0,-90.75,-90.7,0,0,0,0,0,0,-90.59259259,0,0,0,0,0,0,0,0,0,0,0,0,0,0,0,0,-91.8125,0,0,0,0
0,0,0,0,0,0,0,0,-86.5,-86.69565217,0,0,-92,0,0,-86.53061224,-86.75,0,-91.5,0,-86.80434783,-93,-93,-89,-91.5,0,0,0,-90.25,0,0,0,0,0,0,0,-93,0,-88,0,0,-74.32,-74.44,0,0,0,-90.53571429,-85.62,0,0,0,0,-89,0,0,-80.25531915,0,0,-90.35714286,0,0,0,0,-93,-86,-88.5,0,0,0,-90.125,0,0,-88,0,0,0,-77.3,0,0,-82.56756757,0,-89,0,-91.6,0,-87.65714286,-92.81578947,-88,-88.5,0,0,-88,0,0,0,0,0,0,0,0,0,0,0,0,0,-91,0,-90.66666667,0,0,0,0,0,0,0,0,0,0,0,0,0,0,0,0,0,0,0,0,0,0,0,1
0,0,0,0,0,0,0,0,-83,-88.22222222,0,0,0,0,0,-87.83783784,-91.36363636,0,0,0,-88.2,0,0,0,0,0,0,0,0,0,0,0,-91,0,0,0,0,0,0,0,0,-77.38,0,0,0,0,0,-90.2,0,0,0,0,0,0,0,0,0,0,0,0,0,0,0,0,0,0,0,0,0,0,0,0,0,-90,0,0,-89.66666667,0,0,-89.55172414,0,0,0,0,0,0,0,0,0,0,0,0,0,0,0,0,0,0,0,0,0,0,0,0,0,0,0,0,0,0,0,0,-91,0,0,0,0,0,0,0,0,0,0,0,0,0,0,0,0,0,0,1
0,0,0,0,0,0,0,0,-83,-87.58974359,0,0,0,0,0,-89.66666667,0,0,-86,0,0,0,0,-90,0,0,0,0,-88,0,0,-92,-89.6,0,-88,0,0,0,-85,0,0,-76.19607843,0,0,0,0,-91,-88.71428571,-91,0,0,0,0,0,0,0,0,-88.5,0,0,0,0,0,0,0,0,0,0,0,0,0,0,-91,0,0,0,-89.53846154,0,0,-85.6875,0,-88,0,0,0,-86,0,0,0,0,0,0,0,0,0,0,0,0,0,0,0,0,0,0,0,0,0,0,0,0,0,0,0,0,0,0,0,0,0,0,0,0,0,0,0,0,0,0,0,0,0,1
-93,0,0,0,0,0,0,0,0,-89.375,0,0,-88,0,0,-86.20454545,-90.5,0,0,0,0,0,-89,0,-87,0,0,0,0,0,0,0,-90.625,0,-92,0,0,0,0,0,0,-76.8125,0,0,0,0,0,-89.78125,-91,0,0,0,0,0,0,0,0,0,0,0,0,0,0,-88.04347826,-92,-90,0,0,-91,-90.875,0,0,0,0,0,0,-89.26530612,0,0,-88.89473684,0,0,0,0,0,-84,0,0,0,0,0,0,0,0,0,0,0,0,0,0,0,0,0,0,0,0,0,0,0,0,0,0,0,0,0,0,0,0,0,0,0,0,0,0,0,0,0,0,0,0,0,1
0,0,0,0,0,0,0,0,-90.94736842,-90.34782609,0,0,0,0,0,-88.1627907,-87,0,0,0,-85.5,0,0,0,0,0,0,0,0,0,0,0,-91.6,0,0,0,0,0,-87,0,0,-79.94,0,0,0,0,0,-89.10714286,0,0,0,0,0,0,0,0,0,0,-90,0,0,0,0,-85.72222222,0,0,0,0,-91,-91,0,0,-90,-89.6,0,0,-90,0,0,-88.70833333,0,0,0,0,0,-85,0,0,0,0,0,0,0,0,0,0,0,0,-88.77777778,0,0,0,0,0,0,0,0,0,0,0,0,0,0,0,0,0,0,0,0,0,0,0,0,0,-88,0,0,0,0,0,0,1
0,0,0,0,0,0,0,0,0,0,0,0,0,0,0,0,-85.23529412,0,0,-86,0,0,0,0,0,-93,0,-93.08333333,0,-91.65217391,0,0,0,0,0,-91.09090909,0,0,0,0,0,-64.50980392,-54.25490196,-87.08163265,-89.56862745,0,0,0,0,0,0,0,0,0,0,0,0,0,0,0,0,0,0,0,0,0,0,0,0,0,0,0,0,0,-93,0,0,0,0,0,0,0,0,0,0,0,0,0,0,-83.19047619,0,0,0,0,0,0,-86,0,0,0,0,0,0,0,0,0,0,0,0,0,0,0,0,0,0,0,-92.37931034,0,0,-94,-93.88888889,0,0,0,0,0,0,-89.6,0,0,0,0
0,0,0,0,0,0,0,0,0,0,0,0,0,0,0,0,-87.04545455,0,0,-88.07407407,0,0,0,0,0,-90.22727273,0,-91.07142857,0,-89.8125,0,0,0,0,0,-90.125,0,0,0,0,0,-62.54,0,-80.5,0,0,0,0,0,0,0,0,0,0,0,0,0,0,0,0,0,0,0,0,0,0,0,0,0,0,0,0,0,0,0,0,0,0,0,0,0,0,0,0,0,0,0,0,0,-82.68888889,0,0,0,0,0,0,-86.5,0,0,0,0,0,0,0,0,0,0,0,0,0,0,0,0,0,0,0,-89.65517241,0,0,0,0,0,0,0,0,0,0,-91,0,0,0,0
0,0,0,0,0,0,0,0,0,0,0,0,0,0,-89,0,-89.4375,0,0,-91,0,0,0,0,0,-90.7,0,-95,0,-90.26984127,0,0,0,0,0,-92,0,0,0,0,0,-64.68316832,-61.25742574,-87.02970297,-90.07920792,0,0,0,0,0,0,0,0,0,0,0,0,0,0,0,0,0,0,0,0,0,0,-92,0,0,0,0,0,0,-92.61904762,0,0,0,0,0,-94,0,0,0,0,0,0,0,0,-90.52380952,0,-88,0,0,0,0,-86.62962963,0,0,0,0,0,-94,0,0,0,0,0,0,0,0,0,0,0,0,0,-94.61904762,-95,0,0,0,0,0,0,0,0,0,-90.5,0,0,0,0
0,0,0,0,0,0,0,0,0,0,0,0,0,0,-92,0,-86.78787879,0,0,-90.1025641,0,0,0,0,0,-90.78947368,0,-91,0,-89.25714286,0,0,0,0,0,-88.75,0,0,0,0,0,-61.19607843,0,-77.2244898,0,0,0,0,0,0,0,0,0,0,0,0,0,0,0,0,0,0,0,0,0,0,0,0,0,0,0,0,0,0,0,0,0,0,0,0,0,0,0,0,0,0,0,0,0,-82,0,0,0,0,0,0,-85.14285714,0,0,0,0,0,-91,0,0,0,0,0,0,0,0,0,0,0,0,0,-90.225,-91,0,0,0,0,0,0,0,0,0,-88.48,0,0,0,0
0,0,0,0,0,0,0,0,0,0,0,0,0,0,-90,0,-83.42857143,0,0,-89.5625,0,0,0,0,0,-89.52941176,0,-91,0,0,0,0,0,0,0,-83.5,0,0,0,0,0,-62.09803922,-62.52941176,-85.43137255,-89.66666667,0,0,0,0,0,0,0,0,0,0,0,0,0,0,0,0,0,0,0,0,0,0,-95.52941176,0,0,0,0,0,0,-92.11428571,0,0,0,0,0,0,0,0,0,0,0,0,0,0,-83.11428571,0,-89,0,0,0,0,-85.03921569,0,0,0,0,-91,-89,0,0,0,0,0,0,0,0,0,0,0,0,0,-94.03030303,0,0,0,0,0,0,0,0,0,0,0,0,0,0,0
0,0,0,0,0,0,0,0,0,0,0,0,0,-90,-91,0,-85.75,0,0,-90.22857143,0,0,0,0,0,-90.27586207,0,-87.25,0,-85.37777778,0,0,0,0,0,-88,0,0,0,0,0,-58.29411765,0,-81.81632653,0,0,0,0,0,0,0,0,0,0,0,0,0,0,0,0,0,0,0,0,0,0,0,0,0,0,0,0,0,0,0,0,0,0,0,0,0,0,0,0,0,0,0,0,0,-83.65384615,0,0,0,0,0,0,0,0,0,0,0,0,-90.85714286,0,0,0,0,0,0,0,0,0,0,0,0,0,0,0,0,0,0,0,0,0,0,0,0,-88.8125,0,0,0,0
0,0,0,0,0,0,0,0,0,0,0,0,0,-94,0,0,-74.92,0,0,-90.11111111,0,0,0,0,0,-86.55555556,0,-91,0,-80.43478261,0,0,0,0,0,-83,0,0,0,0,0,-58.06,-55.76,-79.42,-83.56,0,0,0,0,-94,0,0,0,0,-91.26315789,0,0,0,0,0,0,0,0,0,0,0,0,-90.31818182,0,0,0,0,0,0,-89,0,0,0,0,0,-93.72727273,0,0,0,0,0,0,0,0,-83,0,-82.68965517,-92.79166667,0,0,-87,-86.6,0,0,0,0,0,-83.38461538,0,0,0,0,0,0,0,0,0,0,0,0,0,-92.07692308,-93,0,-94,0,0,0,0,0,0,0,0,0,0,0,0
0,0,0,0,0,0,0,0,0,0,0,0,0,-90.36363636,-86,0,-79.20408163,0,0,-85,0,0,0,0,0,-87.97560976,0,-87.82926829,0,-83.01960784,0,0,0,0,0,-83.60416667,0,0,0,0,0,-57.31372549,0,-75.54901961,0,0,0,0,0,0,0,0,0,0,-92,0,0,0,0,0,0,0,0,0,0,0,0,0,0,0,0,0,0,0,-89.33333333,0,0,0,0,0,-90.9,0,0,0,0,0,0,0,0,-76.72727273,0,-82.72,0,0,0,0,-84.44444444,0,0,0,0,-89,-86.20588235,0,0,0,0,0,-91,0,0,0,0,0,-89,0,-87.5,-89.75,0,-90.66666667,0,0,0,0,0,0,0,-85.875,0,0,0,0
0,-94,0,0,0,0,0,0,0,0,0,0,0,-96.6,-92,0,-81.84313725,0,0,-82.4516129,0,0,0,0,0,-86,0,-88,0,-87.3,0,0,0,0,0,-85.78947368,0,0,0,0,0,-64.94117647,-52.07843137,-83.76470588,-88.60784314,0,0,0,0,0,0,0,0,0,0,0,0,0,0,0,0,0,0,0,0,0,0,-94,0,0,0,0,0,0,-94.66666667,0,0,0,0,0,0,0,0,0,0,0,0,0,0,-88.82758621,0,-89.75862069,0,0,0,0,-89.32653061,0,0,0,0,-92.35,-87.11627907,0,0,0,0,0,0,0,0,0,0,0,0,0,-92,0,0,-95,0,0,0,0,0,0,0,-89,0,0,0,0
0,0,0,0,0,0,0,0,0,0,0,0,0,-91,-89.34482759,0,-71.56862745,0,0,-89.34782609,0,0,0,0,0,-91,0,-91.35714286,0,-89.02702703,0,0,0,0,0,-87.79487179,0,0,0,0,0,-55.62745098,0,-79.51020408,0,0,0,0,0,0,0,0,0,0,0,0,0,0,0,0,0,0,0,0,0,0,0,0,0,0,0,0,0,0,-91,0,0,0,0,0,-91,0,0,0,0,0,0,0,0,-87,0,-80.36170213,0,0,0,0,0,0,0,0,0,-90,-90,0,0,0,0,0,-91,0,0,0,0,0,0,0,-90.93103448,0,0,-91,0,0,0,0,0,0,0,-87.57777778,0,0,0,0
0,-95,0,0,0,0,0,0,0,0,0,0,0,0,-94,0,-59.1372549,0,0,0,0,0,0,0,0,-93,0,0,0,-94,0,0,0,0,0,-89,0,0,0,-89.54285714,0,-53.03921569,-41.98039216,-89.15384615,-87.43137255,0,0,0,0,0,0,0,0,0,-92.07894737,0,0,0,0,-81.19607843,0,0,0,0,0,0,0,0,0,0,-84.82352941,0,0,0,0,0,0,-91.92307692,0,0,0,0,0,0,0,0,0,0,0,-86.84615385,0,-71.50980392,-86.35294118,-73.58823529,-84.33333333,-87.66666667,-88,0,0,0,0,0,0,-85.35294118,0,0,0,0,0,-95,0,0,0,0,0,0,0,0,0,-96,0,0,0,0,0,0,0,0,0,0,0,0
0,0,0,0,0,0,0,0,-91,0,0,0,0,-93,-90.14285714,-90.4,-59.44230769,0,0,-90.47058824,0,0,0,0,0,-91.04,0,-91,0,-88.56097561,0,0,0,0,0,-88.48571429,0,0,0,-90.5,0,-44.38461538,0,-81.425,0,0,0,-91,0,0,0,0,0,0,-84.96,0,0,0,0,-85.71428571,0,0,0,0,0,0,0,0,0,0,-86.58,0,0,0,0,0,-90,-92,0,0,0,0,0,0,0,0,0,0,0,-78.65384615,0,-70.76923077,0,-81.21276596,0,-82,0,0,0,0,0,0,-91,-91,0,0,0,0,0,0,-89.2745098,0,0,0,0,0,0,0,0,0,0,0,0,0,0,0,0,0,0,0,0,0
0,0,0,0,0,0,0,0,0,0,0,0,0,0,0,0,-75.06,0,0,0,0,0,0,0,0,0,0,0,0,-91,0,0,0,0,0,0,0,0,0,0,0,-52.82,0,-84.45,0,0,0,0,0,0,0,0,0,0,-91.5,0,0,0,0,-91,0,0,0,0,0,0,0,0,0,0,-91.4,0,0,0,0,0,0,0,0,0,0,0,0,0,0,0,0,0,0,0,0,-83.15384615,0,0,0,0,0,0,0,0,0,0,0,0,0,0,0,0,0,0,-92,0,0,0,0,0,0,0,0,0,0,0,0,0,0,0,0,0,0,0,0,0
0,0,0,0,0,0,0,0,-86.42222222,-81.57142857,0,0,-89.125,0,0,-83.58974359,-84.88372093,0,-91,0,-87.27906977,-90.5,-91.33333333,0,-90.625,0,0,0,0,0,0,0,0,0,-87.84210526,0,0,0,-88.09090909,0,0,-62.52941176,0,0,0,0,-89.4,-87.76595745,-91,0,0,0,0,0,0,-86,0,-89.6,-91,0,0,0,-87.5,-88.83333333,-90.33333333,-89,0,0,-89.66666667,-89.33333333,0,-88.51612903,-88.125,-91,0,0,-83.17647059,0,0,-83.27906977,0,-89,0,0,0,-85,0,0,0,0,0,0,0,0,0,0,0,0,0,0,0,0,0,0,0,-91.6,0,-87.14285714,0,0,0,0,0,0,0,0,0,0,0,0,0,0,0,-91,-89,0,0,0,0,0,0,1
0,0,0,0,0,-91,0,0,-87.8,-89,0,0,-90,0,0,-87.0625,-89.66666667,-89,0,0,-88.42857143,0,0,0,0,0,0,0,0,0,0,0,0,0,-89,0,0,0,-87.8,0,0,-77.08,0,0,0,0,0,-84.28571429,0,0,0,0,0,0,0,0,0,0,-87.75,0,0,0,0,-89,0,0,0,0,0,0,0,-91,-89,0,0,0,-88.07407407,0,0,-87.79310345,0,-90,0,0,0,-85,0,0,-84,0,0,0,0,0,0,0,0,0,-87,0,0,0,0,0,0,0,0,0,0,0,0,0,0,0,0,0,0,0,0,0,0,0,0,-91,0,0,0,0,0,0,0,1
0,0,-90,0,-91,0,0,0,-87.5,-85.2195122,0,0,0,0,0,-86.66666667,0,0,-91,0,-86.90909091,0,0,0,0,0,0,0,0,0,0,0,-91,0,-89,0,0,0,-89.5,0,0,-73.80392157,0,0,0,0,-89.2,-87.40909091,-90,0,0,0,0,0,0,0,0,0,0,0,0,0,0,-87.25,-90,-91,0,0,0,0,0,-90,-88,-87,0,0,-88.83783784,0,0,-86.35483871,0,-86.75,0,-81,-83,-83,0,0,-83,0,0,0,0,0,0,0,0,0,-90,0,0,0,0,0,0,0,0,0,0,0,0,0,0,0,0,0,0,0,0,0,0,0,0,-88,0,0,0,0,0,0,-88,1
0,0,0,0,0,0,0,0,-88,-86.5,0,0,0,0,0,-86.51111111,0,0,0,0,0,0,0,0,0,0,0,0,0,0,0,0,-91,0,-91,0,0,0,0,0,0,-78.70588235,0,0,0,0,0,-88.5,0,0,0,0,0,0,0,0,0,0,0,0,0,0,0,-88.57142857,0,0,0,0,-91,-91,0,0,0,0,0,0,-89.75,0,0,-89.8,0,-87,0,0,0,0,0,0,0,0,0,0,0,0,0,0,0,0,-88.89189189,0,0,0,0,0,0,0,0,0,0,0,0,0,0,0,0,0,0,0,0,0,0,0,0,0,-90,0,0,0,0,0,0,1
0,0,0,0,0,0,0,0,-89,-92.53846154,0,0,0,0,0,-84.43137255,0,0,0,0,0,0,0,0,0,0,0,0,0,0,0,0,0,0,0,0,0,0,0,0,0,-80.37254902,0,0,0,0,0,-90.16666667,0,0,0,0,0,0,0,0,0,0,0,0,0,0,0,-88.53846154,0,0,0,0,-90,-90.45454545,0,0,0,0,0,0,-89.33333333,0,0,-89.79310345,0,-91,0,0,0,0,0,0,0,0,0,0,0,0,0,0,0,0,-84.47058824,0,0,0,0,0,0,0,0,0,0,0,0,0,0,0,0,0,0,0,0,0,0,0,0,0,0,0,0,0,0,0,0,1
0,0,0,0,0,0,0,0,0,0,0,0,0,-93.89655172,0,0,-86.43902439,0,0,-91.15789474,0,0,0,0,0,-93.60869565,0,-88.44186047,0,-87,0,0,0,0,0,-90.18181818,0,0,0,0,0,-62.70588235,-57.49019608,-85.52941176,-84.45098039,0,0,0,0,0,0,0,0,0,0,0,0,0,0,0,0,0,0,0,0,0,0,0,0,0,0,0,0,0,-90.82857143,0,0,0,0,0,0,0,0,0,0,0,0,0,0,-85.88372093,0,0,-93,0,0,0,-87.76744186,0,0,0,0,0,0,0,0,0,0,0,0,0,0,0,0,0,0,0,-92.8,0,0,-94,-91.18181818,0,0,0,0,0,0,-93.33333333,0,0,0,0
0,0,0,0,0,0,0,0,0,0,0,0,0,0,0,0,-84.37837838,0,0,-90.26923077,0,0,0,0,0,-90.6,0,-91.75,0,-88,0,0,0,0,0,-89.11538462,0,0,0,0,0,-63.02,0,-80.30612245,0,0,0,0,0,0,0,0,0,0,0,0,0,0,0,0,0,-89,0,0,0,0,0,0,0,0,0,0,0,0,0,0,0,0,0,0,0,0,0,0,0,0,0,0,0,-82,0,0,0,0,0,0,-84.6875,0,0,0,0,0,-90,0,0,0,0,0,0,0,0,0,0,0,0,0,-90,0,0,0,0,0,0,0,0,0,0,-90.6,0,0,0,0
0,0,0,0,0,0,0,0,0,0,0,0,0,-95,0,0,-84.08163265,0,0,-90.5,0,0,0,0,0,-89.54545455,0,-92,0,-87,0,0,0,0,0,0,0,0,0,0,0,-67.62745098,-58.52941176,-87.50980392,-88.78431373,0,0,0,0,0,0,0,0,0,0,0,0,0,0,0,0,0,0,0,0,0,0,0,0,0,0,0,0,0,0,0,0,0,0,0,0,0,0,0,0,0,0,0,0,-88.48148148,0,0,0,0,0,0,-89.73913043,0,0,0,0,0,-93,0,0,0,0,0,0,0,0,0,0,0,0,0,-82,0,0,-93,0,0,0,0,0,0,0,-95,0,0,0,0
0,0,0,0,0,0,0,0,0,0,0,0,0,-90.67567568,-89.66666667,0,-83.41304348,0,0,-88.56666667,0,0,0,0,0,-88.67857143,0,-90.22222222,0,-87.5952381,0,0,0,0,0,-90.3,0,0,0,0,0,-62.38,0,-81.76086957,0,0,0,0,0,0,0,0,0,0,0,0,0,0,0,0,0,0,0,0,0,0,0,0,0,0,0,0,0,0,0,0,0,0,0,0,-92,0,0,0,0,0,0,0,0,-82.04166667,0,0,0,0,0,0,-84.82142857,0,0,0,0,-91,-88.96666667,0,0,0,0,0,0,0,0,0,0,0,0,0,-90.53571429,0,0,-90.94444444,0,0,0,0,0,0,0,-89.44444444,0,0,0,0
0,-95,0,0,0,0,0,0,0,0,0,0,0,0,-94,0,-87.73913043,0,0,-88,0,0,0,0,0,-88.125,0,-94,0,-85.63636364,0,0,0,0,0,-89.18181818,0,0,0,0,0,-64.44,-61.76,-87.2,-90.68,0,0,0,0,0,0,0,0,0,0,0,0,0,0,0,0,0,0,0,0,0,0,0,0,0,0,0,0,0,-94,0,0,0,0,0,0,0,0,0,0,0,0,0,0,-86.75,0,0,0,0,0,0,-88,0,0,0,0,-94,-84.5,0,0,0,0,0,0,0,0,0,0,0,0,0,-94,-94,0,0,0,0,0,0,0,0,0,0,0,0,0,0
0,0,0,0,0,0,0,0,0,0,0,0,0,0,-91,0,-81.8974359,0,0,-87.5,0,0,0,0,0,-89.51724138,0,-91,0,-86.53846154,0,0,0,0,0,-89.64,0,0,0,0,0,-59.3,0,-79.06,0,0,0,0,0,0,0,0,0,0,0,0,0,0,0,0,0,0,0,0,0,0,0,0,0,0,0,0,0,0,0,0,0,0,0,0,-93,0,0,0,0,0,0,0,0,-83.08,0,0,0,0,0,0,-86.5,0,0,0,0,0,-88.4,0,0,0,0,0,0,0,0,0,0,0,0,0,0,0,0,-91,0,0,0,0,0,0,0,-89.71428571,0,0,0,0
0,0,0,0,0,0,0,0,0,0,0,0,0,0,-88,0,-77.80392157,0,0,-80.66666667,0,0,0,0,0,-80.25531915,0,-91,0,-82,0,0,0,0,0,-78.05714286,0,0,0,0,0,-57.7254902,-55.82352941,-78.7254902,-83.84313725,0,0,0,0,-92.82352941,0,0,0,0,-93.09090909,0,0,0,0,0,0,0,0,0,0,0,0,-89.81818182,0,0,0,0,0,0,-88,0,0,0,0,0,-92,0,0,0,0,0,0,0,0,-85,0,-80.64705882,-92.61702128,0,0,-87,-85.36842105,-90,0,0,0,-85.4,-83.72413793,0,0,0,0,0,0,-92,0,0,0,0,0,0,-88.33333333,-93,0,-94,0,0,0,0,0,0,0,0,0,0,0,0
0,0,0,0,0,0,0,0,0,0,0,0,0,-89.65853659,-86.38461538,0,-80.22,0,0,-83.70212766,0,0,0,0,0,-84.20454545,0,-88.55882353,0,-79.93617021,0,0,0,0,0,-81.95555556,0,0,0,0,0,-56.50980392,0,-75.03921569,0,0,0,0,0,-89.6,0,-92.125,0,0,-90.85714286,0,0,0,0,0,-88,0,0,0,0,0,0,0,0,0,0,0,0,0,-87.3030303,0,0,0,0,0,-90.48,0,0,0,0,0,0,0,0,-75.5,0,-83.86666667,0,0,0,-82,-84.9375,0,0,0,0,-91,-85.87878788,0,0,0,0,0,0,-91.25,0,0,0,0,0,0,-90.75,-89.44444444,0,-89.75,0,0,0,0,0,0,0,-83.91666667,0,0,0,0
0,-93,0,0,0,0,0,0,0,0,0,0,0,-88.90909091,-85,0,-75.23529412,0,0,-77.69230769,0,0,0,0,0,-84.14814815,0,-87.55555556,0,-85.90697674,0,0,0,0,0,-82.64,0,0,0,0,0,-57.50980392,-49,-80.35294118,-84.19607843,0,0,0,0,0,0,0,0,0,0,0,0,0,0,0,0,0,0,0,0,0,0,0,0,0,0,0,0,0,-89.29411765,0,0,0,0,0,-94,0,0,0,0,0,0,0,0,-82.7755102,0,-83.525,-91.44897959,0,0,-90,-87.87234043,-89.43589744,0,0,0,-88.8,-86.24,0,0,0,0,0,0,-95,0,0,0,0,-90,0,-89.94117647,0,0,-91.66666667,0,0,0,0,0,0,0,-87,-94,0,0,0
0,0,0,0,0,0,0,0,0,0,0,0,0,-89.42857143,-85.57142857,0,-71.43137255,0,0,-84.91666667,0,0,0,0,0,-85.70454545,0,-87.61702128,0,-84.70454545,0,0,0,0,0,-83.09090909,0,0,0,0,0,-52.64705882,0,-74.37254902,0,0,0,0,0,-91,0,0,0,0,0,0,0,0,0,-91,0,0,0,0,0,0,0,0,0,0,0,0,0,0,-89.43902439,0,0,0,0,0,-91,0,0,0,0,0,0,0,0,-77.95555556,0,-79.66666667,0,0,0,-86.125,-85.61111111,0,0,0,0,-90.17241379,-88.04878049,0,0,0,0,0,-89,-91.66666667,0,0,0,0,-91.5,0,-90,-90.5,0,-89.88461538,0,0,0,0,0,0,0,-85.69444444,0,0,0,0
0,0,0,0,0,0,0,0,0,0,0,0,0,0,-92,0,-57.66666667,0,0,-93,0,0,0,0,0,0,0,0,0,0,0,0,0,0,0,-86,0,0,0,-87.17647059,0,-51.41176471,-39.2745098,-86.61290323,-86.49019608,0,0,0,0,0,0,0,0,0,-92.16129032,0,0,0,0,-80.31372549,0,0,0,0,0,0,0,0,0,0,-81.45652174,0,0,0,0,0,0,0,0,0,-95,0,0,0,0,0,0,0,0,-85.87179487,0,-71.33333333,-87.62745098,-74.43137255,-85.31372549,-93,0,0,0,0,0,0,0,-89.74509804,0,0,0,0,0,0,0,0,0,0,0,0,0,0,0,0,0,0,0,0,0,0,0,0,0,0,0,0
0,0,0,0,0,0,0,0,0,0,0,0,0,0,-89.54166667,-91,-60.82352941,0,0,-90.61111111,0,0,0,0,0,-89.71428571,0,-90.75,0,-89.48148148,0,0,0,0,0,-88.5,0,0,0,-90.68181818,0,-49.03921569,0,-82.47619048,0,0,0,0,0,0,0,0,0,0,-89.91489362,0,0,0,0,-84.74509804,0,0,0,0,0,0,0,0,0,0,-86.14285714,0,0,0,0,0,0,-90.5,0,0,0,0,0,0,0,0,0,0,0,-82.79411765,0,-73.78,0,-79.35294118,0,-85.5,0,0,0,0,0,0,-91,-91.1,0,0,0,0,0,0,-90,0,0,0,0,0,-91.5,0,0,0,0,0,0,0,0,0,0,-91,0,0,0,0
0,0,0,0,0,0,0,0,0,-88,0,0,0,0,0,-87.48484848,-71.92156863,0,0,0,0,0,0,0,0,0,0,0,0,-90.9375,0,0,0,0,0,-90,0,0,0,0,0,-47.41176471,0,-84.9,0,0,0,-91,0,0,0,0,0,0,-89.97674419,0,0,0,0,-91.5,0,0,0,0,0,0,0,0,0,0,-89.34042553,-93,-92,0,0,0,-88.81818182,0,0,-89.69230769,0,0,0,0,0,0,0,0,0,0,0,-79.18,0,-87.5,0,0,0,0,0,0,0,0,0,0,0,0,0,0,0,0,-91.5,0,0,0,0,0,0,0,0,0,0,0,0,0,0,0,0,0,0,0,0,0
0,0,-90,0,-89,0,0,0,-87.79487179,-84.6097561,0,0,-87,0,0,-85.0952381,-87.9047619,0,-89.88888889,0,-90.06666667,-90,-89.33333333,0,-90.69230769,0,0,0,-88,0,0,0,-87.08571429,0,-87.24,0,-91,0,-89.14285714,0,0,-68.01960784,0,0,0,0,-89.07692308,-87.88636364,0,0,0,0,0,-91,0,-86.48275862,0,-88.52631579,-89.32,-90,0,0,-89,-89.86666667,-88,-90,0,0,-87.88888889,-87.2,0,0,-90.66666667,-90.57142857,0,-90.5,-85.72,0,-87,-85.58695652,0,-87.5,0,0,0,-85.75,0,0,0,0,0,0,0,0,0,0,0,0,-90.2,-90,0,0,0,0,0,0,0,-89,0,0,0,0,0,0,0,0,0,0,-90,0,0,-90,0,-91,-89.84615385,-91,0,0,0,0,0,1
0,0,0,0,0,0,0,0,-91.54545455,-89.0952381,0,0,0,0,0,-88.4,-91.03448276,0,0,0,0,0,0,0,0,0,0,0,0,0,0,0,-90.5,0,-89,0,0,0,0,0,0,-76.31372549,0,0,0,0,0,-89.9,0,0,0,0,0,0,0,0,0,0,0,0,0,0,0,-90,0,0,0,0,0,0,0,0,0,0,0,0,-90.275,0,0,-87.70731707,0,0,0,0,0,0,0,0,0,0,0,0,0,0,0,0,0,0,-89,0,0,0,0,0,0,0,0,0,0,0,0,0,0,0,0,0,0,0,0,0,0,0,0,0,0,0,0,0,0,0,0,1
0,0,0,0,0,0,0,0,0,-88.88235294,0,0,0,0,0,-88.52,0,0,0,0,0,0,0,0,0,0,0,0,0,0,0,0,-90.66666667,0,0,0,0,0,0,0,0,-80.50980392,0,0,0,0,0,0,0,0,0,0,0,0,0,0,0,0,0,0,0,0,0,-92,-91,0,0,0,0,-93,0,0,0,0,0,0,-89.86363636,0,0,-89.53571429,0,0,0,0,0,0,0,0,0,0,0,0,0,0,0,0,0,0,0,0,0,0,0,0,0,0,0,0,0,0,0,0,0,0,0,0,0,0,0,0,0,0,0,0,0,0,0,0,0,0,0,1
0,0,0,0,0,0,0,0,0,-88.25806452,0,0,0,0,0,-87.52631579,0,0,0,0,0,0,0,0,0,0,0,0,0,0,0,0,0,0,-91,0,0,0,0,0,0,-82.35294118,0,0,0,0,0,0,0,0,0,0,0,0,0,0,0,0,0,0,0,0,0,-89.6,0,0,0,0,0,0,0,0,0,0,0,0,-90.69230769,0,0,-87.625,0,0,0,0,0,0,0,0,0,0,0,0,0,0,0,0,0,0,-90.73684211,0,0,0,0,0,0,0,0,0,0,0,0,0,0,0,0,0,0,0,0,0,0,0,0,0,0,0,-88.14285714,0,0,0,0,1
0,0,0,0,0,0,0,0,-90.5,-91.14285714,0,0,0,0,0,-89.64444444,0,0,0,0,-91,0,0,0,0,0,0,0,0,0,0,0,0,0,-91,0,0,0,0,0,0,-81.98,0,0,0,0,0,-91.44444444,0,0,0,0,0,0,0,0,0,0,0,0,0,0,0,-88.45454545,0,0,0,0,-90,-91,0,0,0,0,0,0,-91.1875,0,0,-87.36842105,0,-93,0,0,0,0,0,0,0,0,0,0,0,0,0,0,0,0,-89.38,0,0,0,0,0,0,0,0,0,0,0,0,0,0,0,0,0,0,0,0,0,0,0,0,0,0,0,0,0,0,0,0,1
0,0,0,0,0,0,0,0,0,0,0,0,0,-93.4,0,0,-86.5,0,0,-88.70588235,0,0,0,0,0,-89.58333333,0,-89.5,0,0,0,0,0,0,0,-91,0,0,0,0,0,-62.76,-59,-84.24,-88,0,0,0,0,0,0,0,0,0,0,0,0,0,0,0,0,0,0,0,0,0,0,0,0,0,0,0,0,0,-89,0,0,0,0,0,-95,0,0,0,0,0,0,0,0,-85.55555556,0,0,0,0,0,0,-88.53333333,0,0,0,0,0,0,0,0,0,0,0,0,0,0,0,0,0,0,0,0,0,0,0,0,0,0,0,0,0,0,-92,0,0,0,0
0,0,0,0,0,0,0,0,0,0,0,0,0,0,0,0,-81.30612245,0,0,-87.04166667,0,0,0,0,0,-90.27777778,0,-89.85714286,0,-90.47826087,0,0,0,0,0,-89.79166667,0,0,0,0,0,-62.45098039,0,-81.12244898,0,0,0,0,0,0,0,0,0,0,0,0,0,0,0,0,0,0,0,0,0,0,0,0,0,0,0,0,0,0,0,0,0,0,0,0,0,0,0,0,0,0,0,0,0,-79.70833333,0,0,0,0,0,0,-85.8,0,0,0,0,0,-89.31578947,0,0,0,0,0,0,0,0,0,0,0,0,0,0,0,0,0,0,0,0,0,0,0,0,-87.83783784,0,0,0,0
0,-92,0,0,0,0,0,0,0,0,0,0,0,-96,-89.90909091,0,-75.14545455,0,0,-90.09090909,0,0,0,0,0,-87,0,-86,0,-86.57142857,0,0,0,0,0,-83.66666667,0,0,0,0,0,-57.54545455,-55.34545455,-79.81818182,-84.70909091,0,0,0,0,-91,0,0,0,0,0,0,0,0,0,0,0,0,0,0,0,0,0,-91.5,0,0,0,0,0,0,-90.84615385,0,0,0,0,0,0,0,0,0,0,0,0,0,0,-78.73333333,0,-88,-93,0,0,-86.5,-85.71428571,0,0,0,0,-90.2,-86.76923077,0,0,0,0,0,0,-93,0,0,0,0,0,0,-90.61111111,-93,0,0,0,0,0,0,0,0,0,-90.2,-96,0,0,0
0,0,0,0,0,0,0,0,0,0,0,0,0,-91.5,-91.57142857,0,-83,0,0,-88.88888889,0,0,0,0,0,-90.4375,0,-88,0,-86.52941176,0,0,0,0,0,-83.05263158,0,0,0,0,0,-58.39215686,0,-77.16,0,0,0,0,0,0,0,0,0,0,0,0,0,0,0,0,0,0,0,0,0,0,0,0,0,0,0,0,0,0,-91,0,0,0,0,0,0,0,0,0,0,0,0,0,0,-82.18181818,0,0,0,0,0,0,0,0,0,0,0,0,0,0,0,0,0,0,0,0,0,0,0,0,0,0,-91.41176471,0,0,-91,0,0,0,0,0,0,0,-90.29166667,0,0,0,0
0,-94,0,0,0,0,0,0,0,0,0,0,0,0,-91.42857143,0,-80.8627451,0,0,-90,0,0,0,0,0,-86,0,-91,0,-87.19047619,0,0,0,0,0,0,0,0,0,0,0,-60.09803922,-51.17647059,-77.60784314,-83.94117647,0,0,0,0,0,0,0,0,0,0,0,0,0,0,0,0,0,0,0,0,0,0,-94.21052632,0,0,0,0,0,0,-88.30769231,0,0,0,0,0,-95,0,0,0,0,0,0,0,0,-80.36666667,-87,-88.23809524,-92.89795918,0,0,-89.80555556,-87.10204082,-89.53333333,0,0,0,-94,-85.76595745,0,0,0,0,0,0,0,0,0,0,0,0,-95.41176471,0,0,0,-94.8,0,0,0,0,0,0,0,-90.5,-95,0,0,0
0,0,0,0,0,0,0,0,0,0,0,0,0,-91.66666667,-91.64285714,0,-77.1372549,0,0,-89.375,0,0,0,0,0,-90.5,0,-88.06666667,0,-83.35555556,0,0,0,0,0,-87.60526316,0,0,0,0,0,-50.96078431,0,-74.86,0,0,0,0,0,0,0,0,0,0,0,0,0,0,0,0,0,0,0,0,0,0,0,0,0,0,0,0,0,0,0,0,0,0,0,0,0,0,0,0,0,0,0,0,0,-82.07142857,0,0,0,0,0,0,-86,0,0,0,0,-91,-90.63636364,0,0,0,0,0,0,0,0,0,0,0,0,0,-89.72916667,0,0,-91.30769231,0,0,0,0,0,0,0,-85.77272727,0,0,0,0
0,0,0,0,0,0,0,0,0,0,0,0,0,0,0,0,-77.94117647,0,0,-80.10810811,0,0,0,0,0,-84.42857143,0,-83.22857143,0,-79.53333333,0,0,0,0,0,-80.97560976,0,0,0,0,0,-58.43137255,-53.47058824,-78.01960784,-84.05882353,0,0,0,0,0,0,0,0,0,-95,0,0,0,0,0,0,0,0,0,0,0,0,-89.86666667,0,0,0,0,0,0,-86.06060606,0,0,0,0,0,-94,0,0,0,0,0,0,0,0,-81.375,0,-84.07692308,-91.29411765,0,0,0,-85.25,-89,0,0,0,-85,-84.28571429,0,0,0,0,0,0,0,0,-91,0,0,0,0,-89.28571429,-92,0,0,0,0,0,0,0,0,0,-89,0,0,0,0
0,0,0,0,0,0,0,0,0,0,0,0,0,-89.72727273,-86.1,0,-78.24489796,0,0,-86.37837838,0,0,0,0,0,-87.93548387,0,-90.06666667,0,-83.56818182,0,0,0,0,0,-84.63636364,0,0,0,0,0,-54.88,0,-76.875,0,0,0,0,0,0,0,-91,0,0,-90.25,0,0,0,0,0,0,0,0,0,0,0,0,-91.75,0,0,0,0,0,0,-87.8,0,0,0,0,0,-90.54545455,0,0,0,0,0,0,0,0,-83.96551724,0,-83.71428571,0,0,0,-83.28571429,-84.75,0,0,0,0,-90,-87.76470588,0,0,0,0,0,-90.6,-92,0,0,0,0,0,0,-89.70588235,-90.2,0,-90.8,0,0,0,0,0,0,0,-85.74193548,-92,0,0,0
0,0,0,0,0,0,0,0,0,0,0,0,0,-91,-87,0,-65.96078431,0,0,-91.6,0,0,0,0,0,-87.35714286,0,-83.97368421,0,0,0,0,0,-93,0,-82.46666667,0,0,0,0,0,-57.47058824,-43.8627451,-79.8,-84.78431373,0,0,0,0,0,0,-95,0,0,0,0,0,0,0,0,0,0,0,0,0,0,0,-90.61538462,0,0,-83.28571429,0,0,0,-91.28571429,0,0,0,0,0,-95,0,0,0,0,0,0,0,0,0,0,-82.97368421,-92.52941176,0,0,-88.75862069,-86.97560976,-88.85106383,0,0,0,-86.58333333,-83.3877551,0,0,0,0,0,-92,-94,0,0,0,0,0,0,-89.52941176,0,0,-91,0,0,0,0,0,0,0,-87.14285714,0,0,0,0
0,0,0,0,0,0,0,0,0,0,0,0,0,-90,-90.25581395,0,-72.70588235,0,0,-87.68421053,0,0,0,0,0,-90.9047619,0,-91,0,-88.53658537,0,0,0,0,0,-89.46341463,0,0,0,0,0,-54.05882353,0,-80.91836735,0,0,0,0,0,0,0,0,0,0,0,0,0,0,0,0,0,0,0,0,0,0,0,0,0,0,0,0,0,0,-91,0,0,0,0,0,0,0,0,0,0,0,0,0,0,-79,0,-84.33333333,0,0,0,0,0,0,0,0,0,-88,-91,0,0,0,0,0,0,0,0,0,0,0,0,0,-91.425,0,0,0,0,0,0,0,0,0,0,-90.5,0,0,0,0
0,0,0,0,0,0,0,0,0,0,0,0,0,0,-90.84210526,0,-59.9,0,0,-93,0,0,0,0,0,0,0,0,0,-92.47368421,0,0,0,0,0,-89,0,0,0,0,0,-47.58,-39.16,-88.34883721,-88.44,0,0,0,0,0,0,0,0,0,-92.11111111,0,0,0,0,-81.75,0,0,0,0,0,0,0,0,0,0,-85.73684211,0,0,0,0,0,0,0,0,0,0,0,0,0,0,0,0,0,0,-85.4,0,-77.125,-85.92857143,-86,-86.75,-89.86111111,0,0,0,0,0,0,-88,-84.03846154,0,0,0,0,0,0,0,0,0,0,-93,0,0,0,0,0,0,0,0,0,0,0,0,0,0,0,0,0
0,0,0,0,0,0,0,0,0,0,0,0,0,0,-89,0,-60.50980392,0,0,-91,0,0,0,0,0,-90,0,-91.5,0,-90.36585366,0,0,0,0,0,-90.04347826,0,0,0,-88.8,0,-43.09803922,0,-85.5,0,0,0,0,0,0,0,0,0,0,-88.9,0,0,0,0,-87.97916667,0,0,0,0,0,0,0,0,0,0,-87.8,0,0,0,0,0,0,-90,0,0,0,0,0,0,0,0,0,0,0,-85.56097561,0,-75.39215686,0,-82.97777778,0,0,0,0,0,0,0,0,-91.85714286,-90.25,0,0,0,0,0,0,-92,0,0,0,0,0,-92,0,0,0,0,0,0,0,0,0,0,0,0,0,0,0
0,0,0,0,0,0,0,0,0,0,0,0,0,0,0,-86,-73.11764706,0,0,0,0,0,0,0,0,0,0,0,0,-92,0,0,0,0,0,0,0,0,0,0,0,-46.09803922,0,-87,0,0,0,0,0,0,0,0,0,0,-91.45833333,0,0,0,0,0,0,0,0,0,0,0,0,0,0,0,-90.85714286,0,0,0,0,0,-90,0,0,0,0,0,0,0,0,0,0,0,0,0,0,-83.725,0,0,0,0,0,0,0,0,0,0,0,0,0,0,0,0,0,0,-93,0,0,0,0,0,0,0,0,0,0,0,0,0,0,0,0,0,0,0,0,0
0,0,0,-89.88888889,0,0,0,0,-83.26086957,-81.12,0,0,-91,0,0,-80.80392157,-87,0,-89,0,-86.74285714,-90.92307692,0,0,-89.5,0,0,0,-89.21428571,0,0,0,-88.5,0,-88.34782609,-89,0,-91,0,0,0,-67.68627451,0,0,0,0,-88.51428571,-85.26190476,0,0,-83,0,0,0,0,-82.23913043,0,-90.3,-89.05263158,0,0,0,-89.33333333,-89,-89.90909091,-91.33333333,0,0,0,0,0,-89.8,-88.8125,-88,0,0,-82.58823529,0,-89.33333333,-83.27083333,0,-89,0,0,0,-85.27272727,0,0,0,0,0,0,0,0,0,0,0,0,-89,-90,0,0,0,0,0,-89.5,0,-88.6,0,0,0,0,0,0,0,0,0,0,0,0,0,0,0,0,-89.31818182,-89,0,0,0,0,0,1
0,0,0,0,-90.51724138,0,0,0,-88.46428571,-84.2,0,0,-91.85,0,0,-81.96078431,-91.69230769,0,0,0,-91,0,-90.73529412,0,0,0,0,0,0,0,0,0,-91.63636364,0,-88.5,0,0,0,0,0,0,-71.35294118,0,0,0,0,-92,-85.94117647,0,0,0,0,0,0,0,0,0,-92,-91,0,0,0,0,-89.42857143,0,0,0,0,0,0,0,-91.3,-92.375,-89.73913043,0,0,-84.88235294,0,0,-84.42553191,0,-90.75,0,0,0,0,0,0,-84.84848485,0,0,0,0,0,0,0,0,0,0,0,0,0,0,0,0,0,0,0,0,0,0,0,0,0,0,0,0,0,0,0,0,0,0,0,-92.04545455,0,0,0,0,0,0,1
0,-94,0,0,0,0,0,0,0,0,0,0,0,-94,0,0,-79.52941176,0,0,-79.75,0,0,0,0,0,0,0,-88.63636364,0,-85.42857143,0,0,0,0,0,-86,0,0,0,0,0,-59.01960784,-53.64705882,-80.49019608,-84.64705882,0,0,0,0,-95.23076923,0,-92,0,0,0,0,0,0,0,0,0,0,0,0,0,0,0,0,0,0,0,0,0,0,-86.72340426,0,0,0,0,0,-95,0,0,0,0,0,0,0,0,-80.84313725,-90,-89,-94.5,0,0,0,-85.17948718,0,0,0,0,0,-87.7,0,0,0,0,0,0,0,0,0,0,0,0,0,-92.84210526,-94,0,-91.6,0,0,0,0,0,0,0,-89.14285714,-92,0,0,0
0,0,0,0,0,0,0,0,0,0,0,0,0,0,0,0,-82.02222222,0,0,-89.18421053,0,0,0,0,0,-89.13793103,0,-89.97058824,0,-85.8,0,0,0,0,0,-87.81481481,0,0,0,0,0,-60.39215686,0,-77.1,0,0,0,0,0,0,0,0,0,0,0,0,0,0,0,0,0,0,0,0,0,0,0,0,0,0,0,0,0,0,0,0,0,0,0,0,0,0,0,0,0,0,0,0,0,-76.27272727,0,-87,0,0,0,-85.52380952,-84.88888889,0,0,0,0,0,-89.125,0,0,0,0,0,0,0,0,0,0,0,0,0,0,0,0,0,0,0,0,0,0,0,0,-89.30434783,0,0,0,0
0,0,0,0,0,0,0,0,0,0,0,0,0,-93,-86.8,0,-77.56862745,0,0,-84.35483871,0,0,0,0,0,-87.35,0,-89.77777778,0,-87.76923077,0,0,0,0,0,-86.85714286,0,0,0,0,0,-58.01960784,-54.90196078,-79.44897959,-85.7254902,0,0,0,0,0,0,0,0,0,0,0,0,0,0,0,0,0,0,0,0,0,0,-93,0,0,0,0,0,0,-90.85185185,0,-91.33333333,0,0,0,-93.33333333,0,0,0,0,0,0,0,0,-80.90909091,0,-84.60606061,-92.43589744,0,0,-85,-80.65853659,-92,0,0,0,0,-86,0,0,0,0,0,0,0,0,0,0,0,0,0,-92.35897436,-95,0,-92,0,0,0,0,0,0,0,-91,0,0,0,0
0,0,0,0,0,0,0,0,0,0,0,0,0,-90.5,-89.0952381,0,-81.53061224,0,0,-87.78378378,0,0,0,0,0,-87.33333333,0,-88.83870968,0,-85.66666667,0,0,0,0,0,-86.67857143,0,0,0,0,0,-56.94117647,0,-75.6,0,0,0,0,0,0,0,0,0,0,-90,0,0,0,0,0,0,0,0,0,0,0,0,-92,0,0,0,0,0,0,-90.72727273,0,0,0,0,0,-90.35714286,0,0,0,0,0,0,0,0,-77.38888889,0,-86,0,0,0,-84,-84.73076923,0,0,0,0,-89.6,-88.73684211,0,0,0,0,0,0,0,0,0,0,0,0,0,-90.43333333,0,0,-91,0,0,0,0,0,0,0,-89.27027027,0,0,0,0
0,0,0,0,0,0,0,0,0,0,0,0,0,0,-91.66666667,0,-83.5,0,0,-94,0,0,0,0,0,-91,-85.81818182,-95,0,-87,0,0,0,0,0,-91.5,0,0,0,0,0,-65.52,-59.92,-84.84,-85.64,0,0,0,0,0,0,0,0,0,0,0,0,0,0,0,0,0,0,0,0,0,0,0,0,0,0,0,0,0,-93,0,0,0,0,0,-93.4,0,0,0,0,0,0,0,0,-87.66666667,0,0,0,0,0,0,-89.2,0,0,0,0,0,0,0,0,0,0,0,0,0,0,0,0,0,0,0,-92,0,0,0,0,0,0,0,0,0,0,-93,0,0,0,0
0,0,0,0,0,0,0,0,0,0,0,0,0,-90.73684211,-86.76744186,0,-78.1372549,0,0,-90.68181818,0,0,0,0,0,-88.33333333,-77.95,-90.40909091,0,-86,0,0,0,0,0,-88.10526316,0,0,0,0,0,-54.17647059,0,-78.29166667,0,0,0,0,0,0,0,0,0,0,0,0,0,0,0,0,0,0,0,0,0,0,0,0,0,0,0,0,0,0,0,0,0,0,0,0,0,0,0,0,0,0,0,0,0,-82,0,0,0,0,0,0,-84.56521739,0,0,0,0,0,-89.64705882,0,0,0,0,0,0,0,0,0,0,0,0,0,-90.75,-90.52173913,0,-92,0,0,0,0,0,0,0,-89.47826087,0,0,0,0
0,0,0,0,0,0,0,0,0,0,0,0,0,0,-86.66666667,0,-76.94117647,0,0,-88.92307692,0,0,0,0,0,-84.61538462,0,-86.66666667,0,-85,0,0,0,0,0,-82.2,0,0,0,0,0,-57.52941176,-50.94117647,-75.50980392,-85.2745098,0,0,0,0,-88,0,0,0,0,-97,0,0,0,0,0,0,0,0,0,0,0,0,-88,0,0,0,0,0,0,-85.77142857,0,0,0,0,0,-94,0,0,0,0,0,0,0,0,-79.8,0,-83.64102564,-91.60784314,0,0,-91,-83.24242424,-91,0,0,0,-88,-86.35483871,0,0,0,0,0,-92,0,0,0,0,0,-90,0,-87.17777778,0,0,-92,0,0,0,0,0,0,0,-85,0,0,0,0
0,0,0,0,0,0,0,0,0,0,0,0,0,-89.80952381,-81.08333333,0,-77.83673469,0,0,-84.61111111,0,0,0,0,0,-84.8,0,-87.89473684,0,-82.35416667,0,0,0,0,0,-81.47826087,0,0,0,0,0,-52.90196078,0,-75.36,0,0,0,0,0,0,0,0,0,0,-91,0,0,0,0,0,0,0,0,0,0,0,0,-91,0,0,0,0,0,0,-89.625,0,0,0,0,0,-90.33333333,0,0,0,0,0,0,0,0,-73.33333333,0,-83.8,0,0,0,-84.25,-83.92,0,0,0,0,-89,-86.77777778,0,0,0,0,0,-90.5,-89.55555556,0,0,0,0,0,0,-87.03571429,-88.92857143,0,-90.2,0,0,0,0,0,0,0,-85.66666667,0,0,0,0
0,-93,0,0,0,0,0,0,0,0,0,0,0,0,0,0,-67.96078431,0,0,-80.91666667,0,0,0,0,0,-84,0,-87.88888889,0,-82,0,0,0,0,0,-87,0,0,0,0,0,-52.49019608,-43.2745098,-77.32653061,-84.64705882,0,0,0,0,0,0,-94,0,0,0,0,0,0,0,0,0,0,0,0,0,0,0,-91.33333333,0,0,-88.1372549,0,0,0,-87.79591837,0,0,0,0,0,0,0,0,0,0,0,0,0,0,0,0,-86.73170732,-93.73684211,0,0,-87,-87.63265306,-91.16666667,0,0,0,-86.46428571,-85.02222222,0,0,0,0,0,-88.33333333,0,0,0,0,0,-92,0,0,0,0,-90.5,0,0,0,0,0,0,0,-83.76190476,0,0,0,0
0,-91,0,0,0,0,0,0,0,0,0,0,0,-89.79411765,-86.97222222,0,-77.48,0,0,-85,0,0,0,0,0,-87.4047619,0,-86.41463415,0,-83.32653061,0,0,0,0,0,-82.42857143,0,0,0,0,0,-47.4,0,-74.96,0,0,0,0,0,-90,0,-91,0,0,0,0,0,0,0,-91.83333333,0,0,0,0,0,0,0,0,0,0,-86.8,0,0,0,-89.29268293,0,0,0,0,0,0,0,0,0,0,0,0,0,0,-77.78571429,0,-83.27272727,0,0,0,-84.46341463,-85,0,0,0,0,-91,-89.27777778,0,0,0,0,0,-91,-90.66666667,0,0,0,0,0,0,-88.75,-87.5,0,-90.56521739,0,0,0,0,0,0,0,-87.70967742,0,0,0,0
0,0,0,0,0,0,0,0,0,0,0,0,0,0,-93,0,-63.47058824,0,0,-84,0,0,0,0,0,-88,0,-93,0,0,0,0,0,0,0,-90.4375,0,0,0,0,-83,-48.19607843,-43.11764706,-87.2826087,-88.35294118,0,0,0,0,0,0,0,0,0,-86.80392157,0,0,0,0,-90.85714286,0,0,0,0,0,0,0,0,0,0,0,0,0,0,0,0,0,0,0,0,0,0,0,0,0,0,0,0,0,-85.65853659,0,-83.90909091,0,0,-87,-88.96875,-88.13333333,0,0,0,0,0,-90,0,0,0,0,0,0,0,-89,0,0,0,0,0,0,0,0,-94.5,0,0,0,0,0,0,0,0,-94,0,0,0
0,0,0,0,0,0,0,0,0,0,0,0,0,0,0,0,-65.7,0,0,-90.675,0,0,0,0,0,0,0,-90,0,-90.60869565,0,0,0,0,0,-90.1,0,0,0,0,0,-46.94,0,-81.94871795,0,0,0,0,0,0,0,0,0,0,-89.38,0,0,0,0,-89.25,0,0,0,0,0,0,0,0,0,0,-91.25,0,0,0,0,0,0,0,0,0,0,0,0,0,0,0,0,0,0,-84.17647059,0,-76.46,0,-85.21428571,0,-81,0,0,0,0,0,0,-91,0,0,0,0,0,0,0,-88,0,0,0,0,0,0,0,0,0,0,0,0,0,0,0,0,0,0,0,0,0
0,0,0,0,0,0,0,0,0,0,0,0,0,0,0,0,-75.45098039,0,0,0,0,0,0,0,0,0,0,0,0,0,0,0,0,0,0,0,0,0,0,0,0,-47.47058824,0,-87,0,0,0,0,0,0,0,0,0,0,-91.62790698,0,0,0,0,0,0,0,0,0,0,0,0,0,0,0,-89.425,0,0,0,0,0,0,0,0,-87,0,0,0,0,0,0,0,0,0,0,0,-83.42857143,0,0,0,0,0,0,0,0,0,0,0,0,0,0,0,0,0,0,-93,0,0,0,0,0,0,0,0,0,0,0,0,0,0,0,0,0,0,0,0,0
0,0,0,0,0,0,0,0,-85.77777778,-80.69387755,0,0,-89.375,0,0,-81.58823529,-87.85714286,0,-88.66666667,0,-86.44444444,-89.45,-90,-89,-89,0,0,0,-88.47619048,0,0,0,-89.33333333,0,-86.95454545,-90.2,0,0,-89,0,0,-64.62745098,0,0,0,0,-88.67741935,-84.33333333,-87,0,-90,0,0,0,0,-82.97826087,0,-90,-88.4137931,0,0,0,-89,-88.24,-90,-90.25,0,0,0,0,0,-89.04761905,-89.71428571,-88,0,-90.75,-81.82352941,0,0,-81.55555556,0,-91,0,0,0,-86,0,0,0,0,0,0,0,0,0,0,0,0,-89.5,0,0,0,0,0,-80.25,-89.47058824,0,-88.55172414,0,0,0,0,0,0,0,0,0,0,0,0,0,0,-91,0,-90,0,0,0,0,0,0,1
0,0,0,0,-91,0,0,0,-89.90909091,-89.14285714,0,0,0,0,0,-89.10714286,-91.33333333,0,0,0,0,0,0,0,0,0,0,0,0,0,0,0,-91,0,-91,0,0,0,0,0,0,-75.11764706,0,0,0,0,-90,-88.22222222,0,0,0,0,0,0,0,0,0,0,0,0,0,0,0,-91,0,0,0,0,0,0,0,0,0,-90,0,0,-87.31372549,0,0,-89.86486486,0,0,0,0,0,0,0,0,-85,0,0,0,0,0,0,0,0,0,0,0,0,0,0,0,0,0,0,0,0,0,0,0,0,0,0,0,0,0,0,0,0,0,0,0,0,0,0,0,0,0,0,1
0,0,0,0,0,0,0,0,-90.68181818,-87.93023256,-89.5,0,0,0,0,-89.25806452,0,0,0,0,0,0,0,0,0,0,0,0,0,0,0,0,0,0,-89,0,0,0,0,0,0,-76.43137255,0,0,0,0,0,-89.44736842,0,0,0,0,0,0,0,0,0,0,0,0,0,0,0,0,0,0,0,0,0,0,0,0,0,0,0,0,-89.95454545,0,0,-89.23809524,0,0,0,0,0,0,0,0,0,0,0,0,0,0,0,0,0,0,0,0,0,0,0,0,0,0,0,0,0,0,0,0,0,0,0,0,0,0,0,0,0,0,0,0,0,0,0,0,0,0,0,1
0,0,0,0,0,0,0,0,-93,-87.33333333,0,0,0,0,0,-90.26315789,0,0,0,0,0,0,0,0,0,0,0,0,0,0,0,0,0,0,0,0,0,0,0,0,0,-79.8627451,0,0,0,0,0,0,0,0,0,0,0,0,0,0,0,0,0,0,0,0,0,-90.25,0,0,0,0,0,0,0,0,0,0,0,0,-91.44736842,0,0,-88.51515152,0,0,0,0,0,0,0,0,0,0,0,0,0,0,0,0,0,0,-90.10869565,0,0,0,0,0,0,0,0,0,0,0,0,0,0,0,0,0,0,0,0,0,0,0,0,0,0,0,0,0,0,0,0,1
0,0,0,0,0,0,0,0,-91,-88.20588235,0,0,0,0,0,-87.1875,0,0,0,0,0,0,0,0,0,0,0,0,0,0,0,0,-90.29411765,0,-91,0,0,0,0,0,0,-82.24,0,0,0,0,0,-90.71428571,0,0,0,0,0,0,0,0,0,0,0,0,0,0,0,-85,0,0,0,0,0,0,0,0,0,0,0,0,-90.42857143,0,-91.15789474,-89.69230769,0,-91,-91,0,0,0,0,0,0,0,0,0,0,0,0,0,0,0,-87.48,0,0,0,0,0,0,0,0,0,0,0,0,0,0,0,0,0,0,0,0,0,0,0,0,0,0,0,0,0,0,0,0,1
0,0,0,0,0,0,0,0,0,0,0,0,0,-95,0,0,-83.37254902,0,0,0,0,0,0,0,0,-92.5,0,-90.33333333,0,-90.33333333,0,0,0,0,0,-90.33333333,0,0,0,0,0,-62.66666667,-51.98039216,-81.88235294,-86.11764706,0,0,0,0,0,0,0,0,0,0,0,0,0,0,0,0,0,0,0,0,0,0,0,0,0,0,0,0,0,-93,0,0,0,0,0,0,0,0,0,0,0,0,0,0,-83,0,-88.64,-94,0,0,-89.33333333,-86.44680851,0,0,0,0,0,-90,0,0,0,0,0,0,0,0,0,0,0,0,0,-93.93333333,0,0,0,0,0,0,0,0,0,0,-93.52941176,0,0,0,0
0,0,0,0,0,0,0,0,0,0,0,0,0,0,0,0,-83.4375,0,0,-90.05555556,0,0,0,0,0,-89.15384615,0,-89.45454545,0,-86.8,0,0,0,0,0,-87.84615385,0,0,0,0,0,-60.54901961,0,-77.36,0,0,0,0,0,0,0,0,0,0,0,0,0,0,0,0,0,0,0,0,0,0,0,0,0,0,0,0,0,0,-91,0,0,0,0,0,0,0,0,0,0,0,0,0,0,-77.2826087,0,0,0,0,0,-84.8,-85.17857143,0,0,0,0,0,-90.75,0,0,0,0,0,0,0,0,0,0,0,0,0,-91,0,0,-91,0,0,0,0,0,0,0,-90.03571429,0,0,0,0
0,0,0,0,0,0,0,0,0,0,0,0,0,0,-87.7037037,0,-72.34,0,0,-84.66666667,0,0,0,0,0,-86.2,0,-87.23809524,0,-86,-94,0,0,0,0,-87.28571429,0,0,0,0,0,-57.44,-48.42,-79.24,-84.64,0,0,0,0,0,0,-94,0,0,0,0,0,0,0,0,0,0,0,0,0,0,0,-95,0,0,0,0,0,0,-89.46153846,0,0,0,0,0,0,0,0,0,0,0,0,0,0,-74.51428571,-86.22222222,-86.86363636,-94.58823529,0,0,-84.71794872,-84.5,-90,0,0,0,0,0,0,0,0,0,0,0,0,0,0,0,0,0,0,-91.25,-91,0,-93.06666667,0,0,0,0,0,0,0,-88.125,0,0,0,0
0,0,0,0,0,0,0,0,0,0,0,0,0,-91,-89.02439024,0,-80.65217391,0,0,-87.25,0,0,0,0,0,-85.95238095,0,-88.97222222,0,-84.97959184,0,0,0,0,0,-85.60606061,0,0,0,0,0,-57,0,-75,0,0,0,0,0,-90,0,0,0,0,0,0,0,0,0,0,0,0,0,0,0,0,0,0,0,0,0,0,0,0,-89.4,0,0,0,0,0,-90.29166667,0,0,0,0,0,0,0,0,-72.22222222,0,-84.86666667,0,0,0,-83.03333333,-83.53571429,0,0,0,0,-90,-88.77272727,0,0,0,0,0,-91,-91,0,0,0,0,-91,0,-90.75,-91.6,0,-92,0,0,0,0,0,0,0,-88.94117647,0,0,0,0
0,-91.85714286,0,0,0,0,0,0,0,0,0,0,0,0,-89.6,0,-75.88,0,0,-83,0,0,0,0,0,-85.45454545,-79.07142857,-87.58333333,0,0,0,0,0,0,0,-86,0,0,0,0,0,-56.8,-51.84,-75.76,-84.4,0,0,0,0,0,0,0,0,0,0,0,0,0,0,0,0,0,0,0,0,0,0,-93.42857143,0,0,0,0,0,0,-87.4,0,0,0,0,0,-95,0,0,0,0,0,0,0,0,-80.45454545,-91,-85.22727273,-92.36,0,0,-87,-85.14285714,0,0,0,0,0,-89.5,0,0,0,0,0,0,0,0,0,0,0,0,0,-91.04347826,0,0,-92.4,0,0,0,0,0,0,0,-88,0,0,0,0
0,0,0,0,0,0,0,0,0,0,0,0,0,-89.95238095,-86.07317073,0,-80.2745098,0,0,-88.14814815,0,0,0,0,0,-86.7,-86.74074074,-83.43902439,0,-81.71111111,0,0,0,0,0,-85.7755102,0,0,0,0,0,-56.92156863,0,-73.62,0,0,0,0,0,0,0,0,0,0,0,0,0,0,0,0,0,0,0,0,0,0,0,0,0,0,0,0,0,0,-89,0,0,0,0,0,-92.08333333,0,0,0,0,0,0,0,0,-70.8372093,0,0,0,0,0,-84.9375,-83.04444444,0,0,0,0,-90,-86.37931034,0,0,0,0,0,-91,-91,0,0,0,0,0,0,-89.62962963,-90.5,0,-89.72413793,0,0,0,0,0,0,0,-87.18181818,0,0,0,0
0,0,0,0,0,0,0,0,0,0,0,0,0,-92,-84.5,0,-75.94117647,0,0,-87.23076923,0,0,0,0,0,-82.48,0,-85.20833333,0,-85.20689655,0,0,0,0,0,-81.58064516,0,0,0,0,0,-52.78431373,-53.07843137,-78.70588235,-85.05882353,0,0,0,0,-91.57142857,0,0,0,0,0,0,0,0,0,0,0,0,0,0,0,0,0,-92.33333333,0,0,0,0,0,0,-87.125,0,0,0,0,0,-92.5,0,0,0,0,0,0,0,0,-81.59090909,0,-85.4,-93.14285714,0,0,0,-84.66666667,-90.61538462,0,0,0,-90,-85.5,0,0,0,0,0,0,0,0,0,0,0,0,0,-87.85,-92.2,0,-86,0,0,0,0,0,0,0,-77.11111111,0,0,0,0
0,0,0,0,0,0,0,0,0,0,0,0,0,-89.47058824,-83.33333333,0,-78.48,0,0,-86.91428571,0,0,0,0,0,-83.39130435,0,-87.46153846,0,-83.94594595,0,0,0,0,0,-83.36363636,0,0,0,0,0,-51.84,0,-75.1875,0,0,0,0,0,0,0,0,0,0,0,0,0,0,0,0,-89.8,0,0,0,0,0,0,0,0,0,0,0,0,0,-88.4,0,0,0,0,0,-90.4,0,0,0,0,0,0,0,0,-76.24,0,-84.75,0,0,0,-85.17391304,-83.29166667,0,0,0,0,-91,-88.18181818,0,0,0,0,0,-89,-90,0,0,0,0,-90,0,-89.125,-89,0,-90.33333333,0,0,0,0,0,0,0,-83.3,0,0,0,0
0,-95,0,0,0,0,0,0,0,0,0,0,0,0,0,0,-70.35294118,0,0,-85.41176471,0,0,0,0,0,-79.19148936,0,-87.13636364,0,-86,0,0,0,0,0,-76.81818182,0,0,0,0,0,-49.33333333,-38.7254902,-76.47058824,-83.19607843,-92,0,0,0,0,0,-95,0,0,0,0,0,0,0,-92,0,0,0,0,0,0,-94,-94,0,0,-87.57142857,0,0,0,-88.04444444,0,0,0,0,0,0,0,0,0,0,0,0,0,0,0,0,-85.47058824,-93,0,0,-87.96,-84.34693878,-89.73529412,0,0,0,-88.66666667,-85.01960784,0,0,0,-93.63636364,0,-91,-95,0,0,0,0,-91.30769231,0,-86.5,0,0,-91.33333333,0,0,0,0,0,0,0,-87.0625,0,0,0,0
0,0,0,0,0,0,0,0,0,0,0,0,0,-90,-86.17391304,0,-74.56862745,0,0,-86.14893617,0,0,0,0,0,-83.875,0,-88.72727273,0,-84.2,0,0,0,0,0,-84.02325581,0,0,0,0,0,-43.21568627,0,-73.90196078,0,0,0,0,0,-92,0,0,0,0,0,0,0,0,0,-91.23076923,-92,0,0,0,0,0,0,-90.33333333,0,0,-85.56,0,0,0,-90.6,0,0,0,0,0,-90.34782609,0,0,0,0,0,0,0,0,-78.28571429,0,-81.45454545,0,0,0,-86.25,-85.52,0,0,0,0,-90.79310345,-89.02564103,0,0,0,0,0,0,-91,0,0,0,0,-90,0,-89.375,-90.5,0,-91,0,0,0,0,0,0,0,-87.68292683,0,0,0,0
0,0,0,0,0,0,0,0,0,0,0,0,0,0,0,0,-67.31372549,0,0,-86,0,0,0,0,0,-88.68421053,0,0,0,0,0,0,0,0,0,-83,0,0,0,0,0,-47.82352941,-36.94117647,-87.47058824,-85.82352941,0,0,0,0,0,0,0,0,0,-92.94117647,0,0,0,0,-87.68,0,0,0,0,0,0,0,0,0,0,-96,0,0,0,-94,0,0,0,0,0,0,0,0,0,0,0,0,0,0,0,0,-86.26086957,-93,-89,0,-88.25490196,-88,0,0,0,0,0,-90.41666667,0,0,0,0,0,0,0,-94.88888889,0,0,0,-90,0,0,0,0,-95,0,0,0,0,0,0,0,-92,0,0,0,0
0,0,0,0,0,0,0,0,0,0,0,0,0,0,-89.95833333,0,-68.88235294,0,0,-89.73529412,0,0,0,0,0,-89.44444444,0,-90.29411765,0,-89.97142857,0,0,0,0,0,-87.58974359,0,0,0,-91.25,0,-41.19607843,0,-81.69767442,0,0,0,0,0,0,0,0,0,0,-87.56521739,0,0,0,0,-86.63829787,0,0,0,0,0,0,0,0,0,0,-89.8,0,0,0,0,0,0,-89.5,0,0,0,0,0,0,0,0,0,0,0,0,0,-78.02222222,0,-82.51219512,0,-83.61538462,0,0,0,0,0,0,-90,-91.0625,0,0,0,0,0,0,-90.66666667,0,0,0,0,0,0,0,0,-92,0,0,0,0,0,0,0,0,0,0,0,0
0,0,0,0,0,0,0,0,-90,-91,0,0,0,0,0,-88.76923077,-75.56862745,0,0,-92,0,0,0,0,0,0,0,0,0,0,0,0,0,0,0,-93,0,0,0,0,0,-44.92156863,0,-86,0,0,0,-92,0,0,0,0,0,0,-89.43478261,0,0,0,0,-92,0,0,0,0,0,0,0,0,0,0,-89.08571429,0,0,0,0,0,-89.73333333,0,0,-90.08333333,0,0,0,0,0,0,0,0,0,-87,0,-83.14634146,0,0,0,0,0,0,0,0,-75.66666667,0,0,0,0,0,0,0,0,0,-91,0,0,0,0,0,0,0,0,0,0,0,0,0,0,0,0,0,0,0,0,0
0,0,0,0,0,0,0,0,-87.2,-83.04651163,0,0,0,0,0,-80.7,-85.525,0,-89.6,0,-88.04166667,0,0,0,-91,0,0,0,-87.73333333,0,0,0,-87.82608696,0,-89,0,0,0,-89.15384615,0,0,-61.37254902,0,0,0,0,-89.03703704,-85.96078431,-87.6,0,0,0,0,0,0,-85.34782609,0,-90.66666667,-90.5,0,0,0,-90.5,-88.55555556,-90.18181818,-90.45454545,0,0,0,0,0,-90.66666667,-90.2,-88.18181818,0,-90,-83.76,0,0,-80,0,-91,0,0,-84,0,0,0,0,0,0,-84,0,0,0,0,0,0,-90,0,0,0,0,0,-79.875,0,0,-88.42857143,0,0,0,0,0,0,0,0,0,0,0,0,0,0,0,0,-89.9,0,0,0,0,0,0,1
0,0,0,0,0,0,0,0,-85.5,-86.85416667,0,0,-89.33333333,0,0,-84.76,-88.8,-89,0,0,-86.8125,0,-88.66666667,0,0,0,0,0,-89.77777778,0,0,0,-90.27272727,0,-88.25,0,0,0,-88.81818182,0,0,-68.84313725,0,0,0,0,-90,-85.52941176,0,0,0,0,-89.90909091,0,0,0,0,-90,0,0,0,0,0,-89.05882353,-88.875,-86.65,0,0,0,0,0,-90.13333333,-89.91666667,-89,0,0,-83.92156863,0,0,-87.46341463,0,-87.92307692,0,0,0,-86.25,0,0,-85,0,0,0,0,0,0,0,0,0,-90,0,0,0,0,0,0,0,0,0,0,0,0,0,0,-90.6,0,0,0,0,0,0,0,0,0,0,-91,0,0,0,0,-91,-90,1
0,0,0,0,0,0,0,0,-90.78571429,-86.74418605,0,0,0,0,0,-89.25,0,0,0,0,0,0,0,0,0,0,0,0,0,0,0,0,0,0,0,0,0,0,0,0,0,-73.98,0,0,0,0,0,-89.4,0,0,0,0,0,0,0,0,0,0,0,0,0,0,0,0,0,0,0,0,0,0,0,0,0,0,0,0,-88.80434783,0,0,-87.94285714,0,0,0,0,0,0,0,0,0,0,0,0,0,0,0,0,0,0,0,0,0,0,0,0,0,0,0,0,0,0,0,0,0,0,0,0,0,0,0,0,0,0,0,0,-93,0,0,0,0,0,0,1
0,0,0,0,0,0,0,0,-90,-86.79166667,0,0,0,0,0,-84.76,0,0,0,0,-85,0,0,0,0,0,0,0,0,0,0,0,-91,0,0,0,0,0,0,0,0,-78.52941176,0,0,0,0,0,0,0,0,0,0,0,0,0,0,0,0,0,0,0,0,0,-86,0,0,0,0,0,0,0,0,0,0,0,0,-89.96078431,0,0,-89.26923077,0,0,0,0,0,0,0,0,0,0,0,0,0,0,0,0,0,0,-90.76744186,0,0,0,0,0,0,0,0,0,0,0,0,0,0,0,0,0,0,0,0,0,0,0,0,0,0,0,0,0,0,0,0,1
0,0,0,0,0,0,0,0,0,-89.68888889,0,0,0,0,0,-88.53658537,0,0,0,0,0,0,0,0,0,0,0,0,0,0,0,0,0,0,0,0,0,0,0,0,0,-80.37254902,0,0,0,0,0,0,0,0,0,0,0,0,0,0,0,0,0,0,0,0,0,0,0,0,0,0,0,0,0,0,0,0,0,0,-90.24489796,0,-93,-89.86956522,0,-91.5,-91.05555556,0,0,0,0,0,0,0,0,0,0,0,0,0,0,0,-89.47058824,0,0,0,0,0,0,0,0,0,0,0,0,0,0,0,0,0,0,0,0,0,0,0,0,0,0,0,0,0,0,0,0,1
0,0,0,0,0,0,0,0,0,0,0,0,0,-94.69230769,0,0,-86.03921569,0,0,-92.26315789,0,0,0,0,0,-85.43137255,0,-90,0,-92.81818182,0,0,0,0,0,-85.36363636,0,0,0,0,0,-64,-59.1372549,-84.17647059,-91.39215686,0,0,0,0,0,0,0,0,0,0,0,0,0,0,0,0,0,0,0,0,0,0,0,0,0,0,0,0,0,0,0,0,0,0,0,0,0,0,0,0,0,0,0,0,-87.68627451,0,-89,0,0,0,-89.37837838,-87.6,0,0,0,0,0,-94,0,0,0,0,0,0,0,0,0,0,0,0,0,-92.63636364,0,0,0,0,0,0,0,0,0,0,-93.2,0,0,0,0
0,0,0,0,0,0,0,0,0,0,0,0,0,0,0,0,-83.78571429,0,0,-88.86956522,0,0,0,0,0,-87.69230769,0,-89.82758621,0,-85.51282051,0,0,0,0,0,-89.26315789,0,0,0,0,0,-59.60784314,0,-81.56521739,0,0,0,0,0,0,0,0,0,0,0,0,0,0,0,0,0,0,0,0,0,0,0,0,0,0,0,0,0,0,-90.5,0,0,0,0,0,0,0,0,0,0,0,0,0,0,-74.5,0,0,0,0,0,-83.42307692,-85.84615385,0,0,0,0,0,-89.63636364,0,0,0,0,0,0,0,0,0,0,0,0,0,-91,0,0,-91,0,0,0,0,0,0,0,-89.03333333,0,0,0,0
0,0,0,0,0,0,0,0,0,0,0,0,0,-92,-90.28125,0,-80,0,0,-88.74193548,0,0,0,0,0,-87.55813953,0,-86,0,-86,0,0,0,0,0,-86.48148148,0,0,0,0,0,-53.78431373,0,-75.74509804,0,0,0,0,0,0,0,0,0,0,-90,0,0,0,0,0,0,0,0,0,0,0,0,0,0,0,0,0,0,0,-91,0,0,0,0,0,-90.66666667,0,0,0,0,0,0,0,0,-74.14285714,0,-83,0,0,0,-83.36111111,-84.88888889,0,0,0,0,0,-89.57142857,0,0,0,0,0,0,0,0,0,0,0,0,0,-89.36363636,0,0,-90.81818182,0,0,0,0,0,0,0,-89.03703704,0,0,0,0
0,0,0,0,0,0,0,0,0,0,0,0,0,-91.38095238,-87.56410256,0,-78.45098039,0,0,-87.88571429,0,0,0,0,0,-87.68421053,0,-87.24390244,0,-84.69047619,-93,0,0,0,0,-85.21428571,0,0,0,0,0,-55.60784314,0,-76.81632653,0,0,0,0,0,0,0,0,0,0,-90,0,-90,0,0,0,0,0,0,0,0,0,0,0,0,0,0,0,0,0,-91.4,0,0,0,0,0,-89.14814815,0,0,0,0,0,0,0,0,-74.26530612,0,-83.83333333,0,0,0,-84.83333333,-84.41666667,0,0,0,0,-88,-88.47826087,0,0,0,0,0,0,0,0,0,0,0,0,0,-90.63636364,-91,0,-90.73333333,0,0,0,0,0,0,0,-88.73809524,0,0,0,0
0,0,0,0,0,0,0,0,0,0,0,0,0,0,-90.42857143,0,-77.15686275,0,0,-88.33333333,0,0,0,0,0,0,-86,-87.69565217,0,-88.66666667,0,0,0,0,0,-82.42857143,0,0,0,0,0,-58.82352941,-50.50980392,-77,-84.07843137,0,0,0,0,0,0,0,0,0,-93,0,0,0,0,0,0,0,0,0,0,0,0,-92.375,0,0,0,0,0,0,0,0,0,0,0,0,-94.22222222,0,0,0,0,0,0,0,0,-77.76923077,0,-88.68421053,-91.82352941,0,0,-86.02439024,-85.5,0,0,0,0,0,-83.07407407,0,0,0,0,0,0,0,0,0,0,0,0,0,-89.88372093,-93,0,-90,0,0,0,0,0,0,0,0,0,0,0,0
0,0,0,0,0,0,0,0,0,0,0,0,0,-90.4,-89.04347826,0,-77.88,0,0,-87.54545455,0,0,0,0,0,-86.17948718,-89,-86.71428571,0,-82.37777778,0,0,0,0,0,-83.4,0,0,0,0,0,-52.76,0,-73.08,0,0,0,0,0,-89,0,-91,0,0,-90.92307692,0,0,0,0,0,0,0,0,0,0,0,0,0,0,0,0,0,0,0,-89.92857143,0,0,0,0,0,-91.23076923,0,0,0,0,0,0,0,0,-74.79310345,0,-83.42857143,0,0,0,-84,-85.42857143,0,0,0,0,-90,-87.04166667,0,0,0,0,0,-91,0,0,0,0,0,-90,0,-88.88,-88.47619048,0,-90.5625,0,0,0,0,0,0,0,-88,0,0,0,0
0,0,0,0,0,0,0,0,0,0,0,0,0,-93.55555556,-89.27272727,0,-78.3,0,0,-86.23076923,0,0,0,0,0,-83.22222222,0,-86.46153846,0,-86.94117647,0,0,0,-93,0,-82.06060606,0,0,0,0,0,-52.02,-48.08,-76.14,-85.12,0,0,0,0,-93,0,0,0,0,-97,0,0,0,0,0,0,0,0,0,0,0,0,0,0,0,0,0,0,0,-87.21052632,0,0,0,0,0,-95,0,0,0,0,0,0,0,0,-80.34615385,-86,-86.06666667,-92.6744186,0,0,0,-79.95652174,0,0,0,0,-85,-85,0,0,0,0,0,0,0,0,0,0,0,-90,0,-88.67857143,-95,0,-92.47058824,0,0,0,0,0,0,0,-82.38095238,0,0,0,0
0,0,0,0,0,0,0,0,0,0,0,0,0,-89.72413793,-83.92592593,0,-78.05882353,0,0,-87.19512195,0,0,0,0,0,-85.975,0,-87.27906977,0,-83.09090909,0,0,0,0,0,-83.52380952,0,0,0,0,0,-49.35294118,0,-75.64705882,0,0,0,0,0,-90.33333333,0,0,0,0,-91,0,0,0,0,0,-91,0,0,0,0,0,0,-93,0,0,0,0,0,0,-89,0,0,0,0,0,-89.7,0,0,0,0,0,0,0,0,-73.65217391,0,-82.84210526,0,0,0,-83.225,-83.90625,0,0,0,0,0,-86.29411765,0,0,0,0,0,0,0,0,0,0,0,-90.5,0,-89.5,-89.65,0,-90,0,0,0,0,0,0,0,-82.97297297,0,0,0,0
0,-93,0,0,0,0,0,0,0,0,0,0,0,-94,-85.27272727,0,-71.64705882,0,0,-93,0,0,0,0,0,-82.76744186,0,-86.71428571,0,-86.42105263,0,0,0,-94.4,0,-83.74193548,0,0,0,0,0,-50.01960784,-41.03921569,-77.92156863,-85.90196078,-92,0,0,0,0,0,0,0,0,0,0,0,0,0,0,-91.52941176,0,0,0,0,0,0,-92.57142857,0,0,-88.71428571,0,0,0,-89.93877551,0,0,0,0,0,0,0,0,0,0,0,0,0,0,-84,-90,-86.8,-92.33333333,0,0,-87.64444444,-88.85714286,-90,0,0,0,-88.2,-85.57142857,0,0,0,-92,0,0,-94,0,0,0,0,-90.5,0,0,0,0,-91,0,0,0,0,0,0,0,-93,-91,0,0,0
0,0,0,0,0,0,0,0,0,0,0,0,0,0,-90.52380952,0,-74.50980392,0,0,-89.51428571,0,0,0,0,0,-88.125,0,-91.14285714,0,-89.84,0,0,0,0,0,-88.61111111,0,0,0,0,0,-54.88235294,0,-80.70588235,0,0,0,0,0,0,0,0,0,0,0,0,0,0,0,-91,0,0,0,0,0,0,0,0,0,0,-90.8,0,0,0,0,0,0,0,0,0,-92.25,0,0,0,0,0,0,0,0,0,0,0,0,0,0,0,-85,0,0,0,0,0,-90.5,0,0,0,0,0,0,0,0,0,0,0,0,0,0,0,0,0,0,0,0,0,0,0,0,-90.63636364,0,0,0,0
0,-95,0,0,0,0,0,0,0,0,0,0,0,-95,0,0,-71.76,0,0,0,0,0,0,0,0,-90.64285714,0,-92.35483871,0,-92,0,0,0,0,0,-86.21428571,0,0,0,-88,0,-48.04,-38.08,-87,-90.78,0,0,0,0,0,0,-89,0,0,-88.02,0,0,0,0,-84,0,0,0,0,0,0,0,0,0,0,-95,0,0,0,-92.38636364,0,0,-90,0,0,0,0,0,0,0,0,0,0,0,-81.5483871,0,-89,-91.2,0,0,-87.69767442,-87,0,0,0,0,0,-87,0,0,0,0,0,0,0,-91.9,0,0,0,0,0,0,0,0,-94,0,0,0,0,0,0,0,0,0,0,0,0
0,0,0,0,0,0,0,0,0,0,0,0,0,0,-91,0,-75.05882353,0,0,0,0,0,0,0,0,-92,0,0,0,-91.36363636,0,0,0,0,0,-90.06896552,0,0,0,0,0,-49.94117647,0,-86,0,0,0,0,0,0,0,0,0,0,-88.94,0,0,0,0,-89.57142857,0,0,0,0,0,0,0,0,0,0,-91.18421053,0,0,0,0,0,0,0,0,0,0,0,0,0,0,0,0,0,0,-85.5,0,-83,0,0,0,-85,0,0,0,0,0,0,0,-93,0,0,0,0,0,0,-91.55555556,0,0,0,0,0,0,0,0,0,0,0,0,0,0,0,0,0,0,0,0,0
0,0,0,0,0,0,0,0,0,0,0,-91,0,0,0,0,-75.74509804,0,0,0,0,0,0,0,0,0,0,0,0,0,0,0,0,0,0,0,0,0,0,0,0,-46.92156863,0,0,0,0,0,0,0,0,0,0,0,0,-90.5,0,0,0,0,0,0,0,0,0,0,0,0,0,0,0,-90.90243902,0,0,0,0,0,0,0,0,-87,0,0,0,0,0,0,0,0,0,-86,0,-83.54166667,0,0,0,0,0,0,0,0,0,0,0,0,0,0,0,0,0,0,0,0,0,0,0,0,0,0,0,0,0,0,0,0,0,0,0,0,0,0,0,0
0,0,-90,0,0,0,0,0,-86.76315789,-84.09756098,0,-85,0,0,0,-79.02,-86.58823529,0,-88.25,0,-86.78378378,0,0,-89.5,-90.625,0,0,0,-90,0,0,0,-88.35294118,0,-89,0,-89,0,-90.76470588,0,0,-65.82352941,0,0,0,0,-88.70588235,-83.26,-90.25,0,0,0,0,0,0,-87,0,-90,-90.16666667,0,0,0,-88,-87.58823529,-91.33333333,-90,0,0,0,0,-91,-87.5,-89.81818182,-89.66666667,0,0,-83.48,0,0,-81.24444444,0,-88,0,0,0,-85.33333333,0,0,0,0,0,-83,0,0,0,0,0,0,-90,-91,0,0,0,0,0,-88,0,-89.6,0,0,0,0,0,0,0,0,0,0,0,0,0,0,0,0,-89.5,0,0,0,0,0,0,1
0,0,0,0,0,0,0,0,-85.4,-86.56097561,0,0,-91,0,0,-88.58536585,0,0,-86,0,-85.5,0,0,0,0,0,0,0,-88.5,0,0,-91.5,-88,0,-85,0,0,0,-86,0,0,-75.49019608,0,0,0,0,-91,-87.14285714,0,0,0,0,0,0,0,0,0,-90,0,0,0,0,0,-89,0,0,0,0,0,0,0,0,0,0,0,0,-88.76315789,0,0,-87.40909091,0,-88,0,0,0,-84.33333333,0,0,-83,0,0,0,0,0,0,0,0,0,-89,0,0,0,0,0,0,0,0,0,0,0,0,0,0,-88,0,0,0,0,0,0,0,0,0,0,-91,0,0,0,0,0,0,1
0,0,0,0,0,0,0,0,0,-89.16,0,0,-91,0,0,-89.44827586,0,0,0,0,0,0,0,0,0,0,0,0,0,0,0,0,0,0,0,0,0,0,0,0,0,-77.41176471,0,0,0,0,0,-89,0,0,0,0,0,0,0,0,0,0,0,0,0,0,0,-90.625,0,0,0,0,0,0,0,-87,0,0,0,0,-88.76470588,0,0,-90.18918919,0,0,0,0,0,0,0,0,0,0,0,0,0,0,0,0,0,0,-92,0,0,0,0,0,0,0,0,0,0,0,0,0,0,0,0,0,0,0,0,0,0,0,0,0,0,0,0,0,0,0,0,1
0,0,0,0,0,0,0,0,-91,-88.18604651,0,0,0,0,0,-89.7027027,0,0,0,0,0,0,0,0,0,0,0,0,0,0,0,0,-91.375,0,-89,0,0,0,0,0,0,-76.7254902,0,0,0,0,0,-90,0,0,0,0,0,0,0,0,0,0,0,0,0,0,0,-89,0,0,0,0,0,0,0,0,0,0,0,0,-88.78431373,0,0,-91,0,0,0,0,0,0,0,0,0,0,0,0,0,0,0,0,0,0,-86.78431373,0,0,0,0,0,0,0,0,0,0,0,0,0,0,0,0,0,0,0,0,0,0,0,0,0,0,0,0,0,0,0,0,1
0,0,0,0,0,0,0,0,0,-90.6,0,0,0,0,0,-89.47368421,0,0,0,0,0,0,0,0,0,0,0,0,0,0,0,0,0,0,0,0,0,0,0,0,0,-84.6,0,0,0,0,0,0,0,0,0,0,0,0,0,0,0,0,0,0,0,0,0,-91,0,0,0,0,0,0,0,0,0,0,0,0,-90.48484848,0,0,0,0,-91,-92.3,0,0,0,0,0,0,0,0,0,0,0,0,0,0,0,-83.9,0,0,0,0,0,0,0,0,0,0,0,0,0,0,0,0,0,0,0,0,0,0,0,0,0,0,0,0,0,0,0,0,1
