-120,-120,-120,-120,-120,-120,-120,-120,-120,-120,-120,-120,-120,-120,-120,-120,-90.03703704,-120,-120,-90.31578947,-120,-120,-120,-120,-120,-120,-120,-120,-120,-90.6,-120,-120,-120,-120,-120,-90.83333333,-120,-120,-120,-120,-120,-65.01960784,-120,-82.53333333,-120,-120,-120,-120,-120,-120,-120,-120,-120,-120,-120,-120,-120,-120,-120,-120,-120,-120,-120,-120,-120,-120,-120,-120,-120,-120,-120,-120,-120,-120,-120,-120,-120,-120,-120,-120,-120,-120,-120,-120,-120,-120,-120,-120,-120,-120,-120,-120,-120,-120,-120,-120,-120,-120,-120,-120,-120,-120,-120,-120,-120,-120,-120,-120,-120,-120,-120,-120,-120,-120,-120,-120,-120,-120,-120,-120,-120,-120,-120,-120,-120,-120,-120,-90,-120,-120,-120,-1
-120,-120,-120,-120,-120,-120,-120,-120,-120,-120,-120,-120,-120,-120,-120,-120,-88.08695652,-120,-120,-89.8125,-120,-120,-120,-120,-120,-90.4375,-120,-120,-120,-90.52380952,-120,-120,-120,-120,-120,-91.5625,-120,-120,-120,-120,-120,-64.86,-120,-83.71428571,-120,-120,-120,-120,-120,-120,-120,-120,-120,-120,-120,-120,-120,-120,-120,-120,-120,-120,-120,-120,-120,-120,-120,-120,-120,-120,-120,-120,-120,-120,-120,-120,-120,-120,-120,-120,-120,-120,-120,-120,-120,-120,-120,-120,-120,-78,-120,-120,-120,-120,-120,-120,-120,-120,-120,-120,-120,-120,-120,-120,-120,-120,-120,-120,-120,-120,-120,-120,-120,-120,-120,-120,-120,-120,-120,-120,-120,-120,-120,-120,-120,-120,-120,-91.5,-120,-120,-120,-1
-120,-120,-120,-120,-120,-120,-120,-120,-120,-120,-120,-120,-120,-120,-92.66666667,-120,-88.57575758,-120,-120,-89.88,-120,-120,-120,-120,-120,-120,-120,-92.8,-120,-93.2,-120,-120,-120,-120,-120,-93,-120,-120,-120,-120,-120,-66.58823529,-61.94117647,-87.29411765,-88.98039216,-120,-120,-120,-120,-120,-120,-120,-120,-120,-120,-120,-87,-120,-120,-120,-120,-120,-120,-120,-120,-120,-120,-95,-120,-120,-120,-120,-120,-120,-91,-120,-120,-120,-120,-120,-94,-120,-120,-120,-120,-120,-120,-120,-120,-88,-120,-88,-90,-120,-120,-120,-87.95744681,-120,-120,-120,-120,-120,-120,-120,-120,-120,-120,-120,-120,-120,-120,-120,-120,-120,-120,-120,-94,-120,-120,-120,-120,-120,-120,-120,-120,-120,-120,-93,-120,-120,-120,-1
-120,-120,-120,-120,-120,-120,-120,-120,-120,-120,-120,-120,-120,-120,-120,-120,-84.47727273,-120,-120,-90.26315789,-120,-120,-120,-120,-120,-89.76,-120,-91.12820513,-120,-88.97222222,-120,-120,-120,-120,-120,-88.47058824,-120,-120,-120,-120,-120,-58.43137255,-120,-83.79487179,-120,-120,-120,-120,-120,-120,-120,-120,-120,-120,-120,-120,-120,-120,-120,-120,-120,-120,-120,-120,-120,-120,-120,-120,-120,-120,-120,-120,-120,-120,-120,-120,-120,-120,-120,-120,-120,-120,-120,-120,-120,-120,-120,-120,-120,-83.52380952,-120,-120,-120,-120,-120,-120,-85.19444444,-120,-120,-120,-120,-120,-89.88888889,-120,-120,-120,-120,-120,-120,-120,-120,-120,-120,-120,-120,-120,-120,-120,-120,-120,-120,-120,-120,-120,-120,-120,-120,-88.74285714,-120,-120,-120,-1
-120,-120,-120,-120,-120,-120,-120,-120,-120,-120,-120,-120,-120,-95.85714286,-120,-120,-87,-120,-120,-91.72413793,-120,-120,-120,-120,-120,-91,-120,-120,-120,-89.63636364,-120,-120,-120,-120,-120,-120,-120,-120,-120,-120,-120,-67.47058824,-62.62745098,-85.58823529,-89.31372549,-120,-120,-120,-120,-120,-120,-120,-120,-120,-95,-120,-120,-120,-120,-120,-120,-120,-120,-120,-120,-120,-120,-89,-120,-120,-120,-120,-120,-120,-95,-120,-120,-120,-120,-120,-120,-120,-120,-120,-120,-120,-120,-120,-120,-85,-120,-89.35135135,-93,-120,-120,-120,-120,-90,-120,-120,-120,-120,-90.15384615,-120,-120,-120,-120,-120,-120,-120,-120,-120,-120,-120,-120,-120,-93.71428571,-120,-120,-120,-120,-120,-120,-120,-120,-120,-120,-120,-120,-120,-120,-1
-120,-120,-120,-120,-120,-120,-120,-120,-120,-120,-120,-120,-120,-89,-90.71428571,-120,-82.92,-120,-120,-89.64,-120,-120,-120,-120,-120,-86,-120,-90.94444444,-120,-88.71428571,-120,-120,-120,-120,-120,-89,-120,-120,-120,-120,-120,-59.52941176,-120,-83.35555556,-120,-120,-120,-120,-120,-120,-120,-120,-120,-120,-120,-120,-120,-120,-120,-120,-120,-120,-120,-120,-120,-120,-120,-120,-120,-120,-120,-120,-120,-120,-120,-120,-120,-120,-120,-120,-91,-120,-120,-120,-120,-120,-120,-120,-120,-84.3125,-120,-120,-120,-120,-120,-120,-86,-120,-120,-120,-120,-120,-89.85294118,-120,-120,-120,-120,-120,-120,-120,-120,-120,-120,-120,-120,-120,-120,-120,-120,-120,-120,-120,-120,-120,-120,-120,-120,-89.05263158,-120,-120,-120,-1
-120,-120,-120,-120,-120,-120,-120,-120,-120,-120,-120,-120,-120,-93.5,-95,-120,-83,-120,-120,-90.22222222,-120,-120,-120,-120,-120,-89.1875,-120,-94,-120,-84.33333333,-120,-120,-120,-120,-120,-87.15384615,-120,-120,-120,-120,-120,-67.6,-62.08,-87.33333333,-88.56,-120,-120,-120,-120,-120,-120,-120,-120,-120,-120,-120,-120,-120,-120,-120,-120,-120,-120,-120,-120,-120,-120,-93,-120,-120,-120,-120,-120,-120,-120,-120,-120,-120,-120,-120,-120,-120,-120,-120,-120,-120,-120,-120,-120,-78,-90,-87.33333333,-91,-120,-120,-86,-120,-91,-120,-120,-120,-120,-91,-120,-120,-120,-120,-120,-120,-120,-120,-120,-120,-120,-120,-120,-89,-120,-120,-93.88888889,-120,-120,-120,-120,-120,-120,-120,-93,-93,-120,-120,-1
-120,-93,-120,-120,-120,-120,-120,-120,-120,-120,-120,-120,-120,-90.6,-90,-120,-78.06,-120,-120,-88.90909091,-120,-120,-120,-120,-120,-90.90909091,-120,-83,-120,-85.48888889,-120,-120,-120,-120,-120,-89.13888889,-120,-120,-120,-120,-120,-57.16,-120,-84.21621622,-120,-120,-120,-120,-120,-120,-120,-120,-120,-120,-120,-120,-120,-120,-120,-120,-120,-120,-120,-120,-120,-120,-120,-120,-120,-120,-120,-120,-120,-120,-120,-120,-120,-120,-120,-120,-120,-120,-120,-120,-120,-120,-120,-120,-120,-76,-120,-85.25,-120,-120,-120,-120,-86.5,-120,-120,-120,-120,-120,-88.8125,-120,-120,-120,-120,-120,-120,-120,-120,-120,-120,-120,-120,-120,-120,-87,-120,-91,-120,-120,-120,-120,-120,-120,-120,-88.13513514,-120,-120,-120,-1
-120,-95.6,-120,-120,-120,-120,-120,-120,-120,-120,-120,-120,-120,-93.36363636,-92,-120,-83.03921569,-120,-120,-90.44444444,-120,-120,-120,-120,-120,-88.77777778,-120,-87,-120,-92,-120,-120,-120,-120,-120,-79,-120,-120,-120,-120,-120,-67,-56.07843137,-82.51020408,-89.15686275,-120,-120,-120,-120,-96,-120,-120,-120,-120,-120,-120,-120,-120,-120,-120,-120,-120,-120,-120,-120,-120,-120,-120,-120,-120,-120,-120,-120,-120,-92.6,-120,-120,-120,-120,-120,-120,-120,-120,-120,-120,-120,-120,-120,-120,-120,-120,-91.71428571,-91,-120,-120,-120,-120,-90,-120,-120,-120,-93.05263158,-89.08108108,-120,-120,-120,-120,-120,-95,-120,-120,-120,-120,-120,-93,-120,-120,-120,-120,-120,-120,-120,-120,-120,-120,-120,-120,-87,-120,-120,-120,-1
-120,-120,-120,-120,-120,-120,-120,-120,-120,-120,-120,-120,-120,-90.85,-88.96,-120,-74.02,-120,-120,-90.41935484,-120,-120,-120,-120,-120,-88.44186047,-120,-90.10714286,-120,-84.40816327,-120,-120,-120,-120,-120,-88.35135135,-120,-120,-120,-120,-120,-59.78431373,-120,-80.37777778,-120,-120,-120,-120,-120,-89.8,-120,-120,-120,-120,-120,-120,-120,-120,-120,-120,-120,-120,-120,-120,-120,-120,-120,-120,-120,-120,-120,-120,-120,-120,-91.5,-120,-120,-120,-120,-120,-92.33333333,-120,-120,-120,-120,-120,-120,-120,-120,-120,-120,-84.42857143,-120,-120,-120,-120,-88,-120,-120,-120,-120,-120,-90.32258065,-120,-120,-120,-120,-120,-90.67857143,-120,-120,-120,-120,-120,-120,-120,-93,-120,-120,-91,-120,-120,-120,-120,-120,-120,-120,-85.73684211,-120,-120,-120,-1
-120,-120,-120,-120,-120,-120,-120,-120,-120,-120,-120,-120,-120,-120,-120,-120,-57.33333333,-120,-120,-92,-120,-120,-120,-120,-120,-94.52631579,-120,-120,-120,-92.2,-120,-120,-120,-120,-120,-92,-120,-120,-120,-90.72413793,-91,-50.82352941,-50.21568627,-88.03225806,-89.50980392,-120,-120,-120,-120,-120,-120,-92,-120,-120,-120,-120,-120,-120,-120,-85.42857143,-120,-120,-120,-120,-120,-120,-120,-91,-120,-120,-82.96078431,-120,-120,-120,-120,-120,-120,-120,-120,-120,-120,-120,-120,-120,-120,-120,-120,-120,-120,-86.17391304,-120,-71.25490196,-87.19607843,-81.15686275,-83,-86.35294118,-89,-120,-120,-120,-120,-120,-93.27272727,-89.8,-120,-120,-120,-120,-120,-120,-95,-120,-120,-120,-120,-120,-120,-120,-120,-120,-120,-120,-120,-120,-120,-120,-120,-120,-120,-120,-120,-1
-120,-120,-120,-120,-120,-120,-120,-120,-120,-120,-120,-120,-120,-120,-91,-120,-58.36,-120,-120,-90.15,-120,-120,-120,-120,-120,-91,-120,-92.5,-120,-89.47368421,-120,-120,-120,-120,-120,-89.17241379,-120,-120,-120,-90.88888889,-120,-47.98,-120,-80.73333333,-120,-120,-120,-120,-120,-120,-120,-120,-120,-120,-120,-120,-120,-120,-120,-88.87878788,-120,-120,-120,-120,-120,-120,-120,-120,-120,-120,-78.81632653,-120,-120,-120,-120,-120,-120,-120,-120,-120,-120,-120,-120,-120,-120,-120,-120,-120,-120,-80.08333333,-120,-65.30612245,-120,-82.1875,-120,-86.30769231,-120,-120,-120,-120,-120,-120,-90.75,-90.7,-120,-120,-120,-120,-120,-120,-90.59259259,-120,-120,-120,-120,-120,-120,-120,-120,-120,-120,-120,-120,-120,-120,-120,-120,-91.8125,-120,-120,-120,-1
-120,-120,-120,-120,-120,-120,-120,-120,-86.5,-86.69565217,-120,-120,-92,-120,-120,-86.53061224,-86.75,-120,-91.5,-120,-86.80434783,-93,-93,-89,-91.5,-120,-120,-120,-90.25,-120,-120,-120,-120,-120,-120,-120,-93,-120,-88,-120,-120,-74.32,-74.44,-120,-120,-120,-90.53571429,-85.62,-120,-120,-120,-120,-89,-120,-120,-80.25531915,-120,-120,-90.35714286,-120,-120,-120,-120,-93,-86,-88.5,-120,-120,-120,-90.125,-120,-120,-88,-120,-120,-120,-77.3,-120,-120,-82.56756757,-120,-89,-120,-91.6,-120,-87.65714286,-92.81578947,-88,-88.5,-120,-120,-88,-120,-120,-120,-120,-120,-120,-120,-120,-120,-120,-120,-120,-120,-91,-120,-90.66666667,-120,-120,-120,-120,-120,-120,-120,-120,-120,-120,-120,-120,-120,-120,-120,-120,-120,-120,-120,-120,-120,-120,-120,1
-120,-120,-120,-120,-120,-120,-120,-120,-83,-88.22222222,-120,-120,-120,-120,-120,-87.83783784,-91.36363636,-120,-120,-120,-88.2,-120,-120,-120,-120,-120,-120,-120,-120,-120,-120,-120,-91,-120,-120,-120,-120,-120,-120,-120,-120,-77.38,-120,-120,-120,-120,-120,-90.2,-120,-120,-120,-120,-120,-120,-120,-120,-120,-120,-120,-120,-120,-120,-120,-120,-120,-120,-120,-120,-120,-120,-120,-120,-120,-90,-120,-120,-89.66666667,-120,-120,-89.55172414,-120,-120,-120,-120,-120,-120,-120,-120,-120,-120,-120,-120,-120,-120,-120,-120,-120,-120,-120,-120,-120,-120,-120,-120,-120,-120,-120,-120,-120,-120,-120,-120,-91,-120,-120,-120,-120,-120,-120,-120,-120,-120,-120,-120,-120,-120,-120,-120,-120,-120,-120,1
-120,-120,-120,-120,-120,-120,-120,-120,-83,-87.58974359,-120,-120,-120,-120,-120,-89.66666667,-120,-120,-86,-120,-120,-120,-120,-90,-120,-120,-120,-120,-88,-120,-120,-92,-89.6,-120,-88,-120,-120,-120,-85,-120,-120,-76.19607843,-120,-120,-120,-120,-91,-88.71428571,-91,-120,-120,-120,-120,-120,-120,-120,-120,-88.5,-120,-120,-120,-120,-120,-120,-120,-120,-120,-120,-120,-120,-120,-120,-91,-120,-120,-120,-89.53846154,-120,-120,-85.6875,-120,-88,-120,-120,-120,-86,-120,-120,-120,-120,-120,-120,-120,-120,-120,-120,-120,-120,-120,-120,-120,-120,-120,-120,-120,-120,-120,-120,-120,-120,-120,-120,-120,-120,-120,-120,-120,-120,-120,-120,-120,-120,-120,-120,-120,-120,-120,-120,-120,-120,-120,1
-93,-120,-120,-120,-120,-120,-120,-120,-120,-89.375,-120,-120,-88,-120,-120,-86.20454545,-90.5,-120,-120,-120,-120,-120,-89,-120,-87,-120,-120,-120,-120,-120,-120,-120,-90.625,-120,-92,-120,-120,-120,-120,-120,-120,-76.8125,-120,-120,-120,-120,-120,-89.78125,-91,-120,-120,-120,-120,-120,-120,-120,-120,-120,-120,-120,-120,-120,-120,-88.04347826,-92,-90,-120,-120,-91,-90.875,-120,-120,-120,-120,-120,-120,-89.26530612,-120,-120,-88.89473684,-120,-120,-120,-120,-120,-84,-120,-120,-120,-120,-120,-120,-120,-120,-120,-120,-120,-120,-120,-120,-120,-120,-120,-120,-120,-120,-120,-120,-120,-120,-120,-120,-120,-120,-120,-120,-120,-120,-120,-120,-120,-120,-120,-120,-120,-120,-120,-120,-120,-120,-120,1
-120,-120,-120,-120,-120,-120,-120,-120,-90.94736842,-90.34782609,-120,-120,-120,-120,-120,-88.1627907,-87,-120,-120,-120,-85.5,-120,-120,-120,-120,-120,-120,-120,-120,-120,-120,-120,-91.6,-120,-120,-120,-120,-120,-87,-120,-120,-79.94,-120,-120,-120,-120,-120,-89.10714286,-120,-120,-120,-120,-120,-120,-120,-120,-120,-120,-90,-120,-120,-120,-120,-85.72222222,-120,-120,-120,-120,-91,-91,-120,-120,-90,-89.6,-120,-120,-90,-120,-120,-88.70833333,-120,-120,-120,-120,-120,-85,-120,-120,-120,-120,-120,-120,-120,-120,-120,-120,-120,-120,-88.77777778,-120,-120,-120,-120,-120,-120,-120,-120,-120,-120,-120,-120,-120,-120,-120,-120,-120,-120,-120,-120,-120,-120,-120,-120,-120,-88,-120,-120,-120,-120,-120,-120,1
-120,-120,-120,-120,-120,-120,-120,-120,-120,-120,-120,-120,-120,-120,-120,-120,-85.23529412,-120,-120,-86,-120,-120,-120,-120,-120,-93,-120,-93.08333333,-120,-91.65217391,-120,-120,-120,-120,-120,-91.09090909,-120,-120,-120,-120,-120,-64.50980392,-54.25490196,-87.08163265,-89.56862745,-120,-120,-120,-120,-120,-120,-120,-120,-120,-120,-120,-120,-120,-120,-120,-120,-120,-120,-120,-120,-120,-120,-120,-120,-120,-120,-120,-120,-120,-93,-120,-120,-120,-120,-120,-120,-120,-120,-120,-120,-120,-120,-120,-120,-83.19047619,-120,-120,-120,-120,-120,-120,-86,-120,-120,-120,-120,-120,-120,-120,-120,-120,-120,-120,-120,-120,-120,-120,-120,-120,-120,-120,-92.37931034,-120,-120,-94,-93.88888889,-120,-120,-120,-120,-120,-120,-89.6,-120,-120,-120,-1
-120,-120,-120,-120,-120,-120,-120,-120,-120,-120,-120,-120,-120,-120,-120,-120,-87.04545455,-120,-120,-88.07407407,-120,-120,-120,-120,-120,-90.22727273,-120,-91.07142857,-120,-89.8125,-120,-120,-120,-120,-120,-90.125,-120,-120,-120,-120,-120,-62.54,-120,-80.5,-120,-120,-120,-120,-120,-120,-120,-120,-120,-120,-120,-120,-120,-120,-120,-120,-120,-120,-120,-120,-120,-120,-120,-120,-120,-120,-120,-120,-120,-120,-120,-120,-120,-120,-120,-120,-120,-120,-120,-120,-120,-120,-120,-120,-120,-82.68888889,-120,-120,-120,-120,-120,-120,-86.5,-120,-120,-120,-120,-120,-120,-120,-120,-120,-120,-120,-120,-120,-120,-120,-120,-120,-120,-120,-89.65517241,-120,-120,-120,-120,-120,-120,-120,-120,-120,-120,-91,-120,-120,-120,-1
-120,-120,-120,-120,-120,-120,-120,-120,-120,-120,-120,-120,-120,-120,-89,-120,-89.4375,-120,-120,-91,-120,-120,-120,-120,-120,-90.7,-120,-95,-120,-90.26984127,-120,-120,-120,-120,-120,-92,-120,-120,-120,-120,-120,-64.68316832,-61.25742574,-87.02970297,-90.07920792,-120,-120,-120,-120,-120,-120,-120,-120,-120,-120,-120,-120,-120,-120,-120,-120,-120,-120,-120,-120,-120,-120,-92,-120,-120,-120,-120,-120,-120,-92.61904762,-120,-120,-120,-120,-120,-94,-120,-120,-120,-120,-120,-120,-120,-120,-90.52380952,-120,-88,-120,-120,-120,-120,-86.62962963,-120,-120,-120,-120,-120,-94,-120,-120,-120,-120,-120,-120,-120,-120,-120,-120,-120,-120,-120,-94.61904762,-95,-120,-120,-120,-120,-120,-120,-120,-120,-120,-90.5,-120,-120,-120,-1
-120,-120,-120,-120,-120,-120,-120,-120,-120,-120,-120,-120,-120,-120,-92,-120,-86.78787879,-120,-120,-90.1025641,-120,-120,-120,-120,-120,-90.78947368,-120,-91,-120,-89.25714286,-120,-120,-120,-120,-120,-88.75,-120,-120,-120,-120,-120,-61.19607843,-120,-77.2244898,-120,-120,-120,-120,-120,-120,-120,-120,-120,-120,-120,-120,-120,-120,-120,-120,-120,-120,-120,-120,-120,-120,-120,-120,-120,-120,-120,-120,-120,-120,-120,-120,-120,-120,-120,-120,-120,-120,-120,-120,-120,-120,-120,-120,-120,-82,-120,-120,-120,-120,-120,-120,-85.14285714,-120,-120,-120,-120,-120,-91,-120,-120,-120,-120,-120,-120,-120,-120,-120,-120,-120,-120,-120,-90.225,-91,-120,-120,-120,-120,-120,-120,-120,-120,-120,-88.48,-120,-120,-120,-1
-120,-120,-120,-120,-120,-120,-120,-120,-120,-120,-120,-120,-120,-120,-90,-120,-83.42857143,-120,-120,-89.5625,-120,-120,-120,-120,-120,-89.52941176,-120,-91,-120,-120,-120,-120,-120,-120,-120,-83.5,-120,-120,-120,-120,-120,-62.09803922,-62.52941176,-85.43137255,-89.66666667,-120,-120,-120,-120,-120,-120,-120,-120,-120,-120,-120,-120,-120,-120,-120,-120,-120,-120,-120,-120,-120,-120,-95.52941176,-120,-120,-120,-120,-120,-120,-92.11428571,-120,-120,-120,-120,-120,-120,-120,-120,-120,-120,-120,-120,-120,-120,-83.11428571,-120,-89,-120,-120,-120,-120,-85.03921569,-120,-120,-120,-120,-91,-89,-120,-120,-120,-120,-120,-120,-120,-120,-120,-120,-120,-120,-120,-94.03030303,-120,-120,-120,-120,-120,-120,-120,-120,-120,-120,-120,-120,-120,-120,-1
-120,-120,-120,-120,-120,-120,-120,-120,-120,-120,-120,-120,-120,-90,-91,-120,-85.75,-120,-120,-90.22857143,-120,-120,-120,-120,-120,-90.27586207,-120,-87.25,-120,-85.37777778,-120,-120,-120,-120,-120,-88,-120,-120,-120,-120,-120,-58.29411765,-120,-81.81632653,-120,-120,-120,-120,-120,-120,-120,-120,-120,-120,-120,-120,-120,-120,-120,-120,-120,-120,-120,-120,-120,-120,-120,-120,-120,-120,-120,-120,-120,-120,-120,-120,-120,-120,-120,-120,-120,-120,-120,-120,-120,-120,-120,-120,-120,-83.65384615,-120,-120,-120,-120,-120,-120,-120,-120,-120,-120,-120,-120,-90.85714286,-120,-120,-120,-120,-120,-120,-120,-120,-120,-120,-120,-120,-120,-120,-120,-120,-120,-120,-120,-120,-120,-120,-120,-120,-88.8125,-120,-120,-120,-1
-120,-120,-120,-120,-120,-120,-120,-120,-120,-120,-120,-120,-120,-94,-120,-120,-74.92,-120,-120,-90.11111111,-120,-120,-120,-120,-120,-86.55555556,-120,-91,-120,-80.43478261,-120,-120,-120,-120,-120,-83,-120,-120,-120,-120,-120,-58.06,-55.76,-79.42,-83.56,-120,-120,-120,-120,-94,-120,-120,-120,-120,-91.26315789,-120,-120,-120,-120,-120,-120,-120,-120,-120,-120,-120,-120,-90.31818182,-120,-120,-120,-120,-120,-120,-89,-120,-120,-120,-120,-120,-93.72727273,-120,-120,-120,-120,-120,-120,-120,-120,-83,-120,-82.68965517,-92.79166667,-120,-120,-87,-86.6,-120,-120,-120,-120,-120,-83.38461538,-120,-120,-120,-120,-120,-120,-120,-120,-120,-120,-120,-120,-120,-92.07692308,-93,-120,-94,-120,-120,-120,-120,-120,-120,-120,-120,-120,-120,-120,-1
-120,-120,-120,-120,-120,-120,-120,-120,-120,-120,-120,-120,-120,-90.36363636,-86,-120,-79.20408163,-120,-120,-85,-120,-120,-120,-120,-120,-87.97560976,-120,-87.82926829,-120,-83.01960784,-120,-120,-120,-120,-120,-83.60416667,-120,-120,-120,-120,-120,-57.31372549,-120,-75.54901961,-120,-120,-120,-120,-120,-120,-120,-120,-120,-120,-92,-120,-120,-120,-120,-120,-120,-120,-120,-120,-120,-120,-120,-120,-120,-120,-120,-120,-120,-120,-89.33333333,-120,-120,-120,-120,-120,-90.9,-120,-120,-120,-120,-120,-120,-120,-120,-76.72727273,-120,-82.72,-120,-120,-120,-120,-84.44444444,-120,-120,-120,-120,-89,-86.20588235,-120,-120,-120,-120,-120,-91,-120,-120,-120,-120,-120,-89,-120,-87.5,-89.75,-120,-90.66666667,-120,-120,-120,-120,-120,-120,-120,-85.875,-120,-120,-120,-1
-120,-94,-120,-120,-120,-120,-120,-120,-120,-120,-120,-120,-120,-96.6,-92,-120,-81.84313725,-120,-120,-82.4516129,-120,-120,-120,-120,-120,-86,-120,-88,-120,-87.3,-120,-120,-120,-120,-120,-85.78947368,-120,-120,-120,-120,-120,-64.94117647,-52.07843137,-83.76470588,-88.60784314,-120,-120,-120,-120,-120,-120,-120,-120,-120,-120,-120,-120,-120,-120,-120,-120,-120,-120,-120,-120,-120,-120,-94,-120,-120,-120,-120,-120,-120,-94.66666667,-120,-120,-120,-120,-120,-120,-120,-120,-120,-120,-120,-120,-120,-120,-88.82758621,-120,-89.75862069,-120,-120,-120,-120,-89.32653061,-120,-120,-120,-120,-92.35,-87.11627907,-120,-120,-120,-120,-120,-120,-120,-120,-120,-120,-120,-120,-120,-92,-120,-120,-95,-120,-120,-120,-120,-120,-120,-120,-89,-120,-120,-120,-1
-120,-120,-120,-120,-120,-120,-120,-120,-120,-120,-120,-120,-120,-91,-89.34482759,-120,-71.56862745,-120,-120,-89.34782609,-120,-120,-120,-120,-120,-91,-120,-91.35714286,-120,-89.02702703,-120,-120,-120,-120,-120,-87.79487179,-120,-120,-120,-120,-120,-55.62745098,-120,-79.51020408,-120,-120,-120,-120,-120,-120,-120,-120,-120,-120,-120,-120,-120,-120,-120,-120,-120,-120,-120,-120,-120,-120,-120,-120,-120,-120,-120,-120,-120,-120,-91,-120,-120,-120,-120,-120,-91,-120,-120,-120,-120,-120,-120,-120,-120,-87,-120,-80.36170213,-120,-120,-120,-120,-120,-120,-120,-120,-120,-90,-90,-120,-120,-120,-120,-120,-91,-120,-120,-120,-120,-120,-120,-120,-90.93103448,-120,-120,-91,-120,-120,-120,-120,-120,-120,-120,-87.57777778,-120,-120,-120,-1
-120,-95,-120,-120,-120,-120,-120,-120,-120,-120,-120,-120,-120,-120,-94,-120,-59.1372549,-120,-120,-120,-120,-120,-120,-120,-120,-93,-120,-120,-120,-94,-120,-120,-120,-120,-120,-89,-120,-120,-120,-89.54285714,-120,-53.03921569,-41.98039216,-89.15384615,-87.43137255,-120,-120,-120,-120,-120,-120,-120,-120,-120,-92.07894737,-120,-120,-120,-120,-81.19607843,-120,-120,-120,-120,-120,-120,-120,-120,-120,-120,-84.82352941,-120,-120,-120,-120,-120,-120,-91.92307692,-120,-120,-120,-120,-120,-120,-120,-120,-120,-120,-120,-86.84615385,-120,-71.50980392,-86.35294118,-73.58823529,-84.33333333,-87.66666667,-88,-120,-120,-120,-120,-120,-120,-85.35294118,-120,-120,-120,-120,-120,-95,-120,-120,-120,-120,-120,-120,-120,-120,-120,-96,-120,-120,-120,-120,-120,-120,-120,-120,-120,-120,-120,-1
-120,-120,-120,-120,-120,-120,-120,-120,-91,-120,-120,-120,-120,-93,-90.14285714,-90.4,-59.44230769,-120,-120,-90.47058824,-120,-120,-120,-120,-120,-91.04,-120,-91,-120,-88.56097561,-120,-120,-120,-120,-120,-88.48571429,-120,-120,-120,-90.5,-120,-44.38461538,-120,-81.425,-120,-120,-120,-91,-120,-120,-120,-120,-120,-120,-84.96,-120,-120,-120,-120,-85.71428571,-120,-120,-120,-120,-120,-120,-120,-120,-120,-120,-86.58,-120,-120,-120,-120,-120,-90,-92,-120,-120,-120,-120,-120,-120,-120,-120,-120,-120,-120,-78.65384615,-120,-70.76923077,-120,-81.21276596,-120,-82,-120,-120,-120,-120,-120,-120,-91,-91,-120,-120,-120,-120,-120,-120,-89.2745098,-120,-120,-120,-120,-120,-120,-120,-120,-120,-120,-120,-120,-120,-120,-120,-120,-120,-120,-120,-120,-1
-120,-120,-120,-120,-120,-120,-120,-120,-120,-120,-120,-120,-120,-120,-120,-120,-75.06,-120,-120,-120,-120,-120,-120,-120,-120,-120,-120,-120,-120,-91,-120,-120,-120,-120,-120,-120,-120,-120,-120,-120,-120,-52.82,-120,-84.45,-120,-120,-120,-120,-120,-120,-120,-120,-120,-120,-91.5,-120,-120,-120,-120,-91,-120,-120,-120,-120,-120,-120,-120,-120,-120,-120,-91.4,-120,-120,-120,-120,-120,-120,-120,-120,-120,-120,-120,-120,-120,-120,-120,-120,-120,-120,-120,-120,-83.15384615,-120,-120,-120,-120,-120,-120,-120,-120,-120,-120,-120,-120,-120,-120,-120,-120,-120,-120,-92,-120,-120,-120,-120,-120,-120,-120,-120,-120,-120,-120,-120,-120,-120,-120,-120,-120,-120,-120,-120,-1
-120,-120,-120,-120,-120,-120,-120,-120,-86.42222222,-81.57142857,-120,-120,-89.125,-120,-120,-83.58974359,-84.88372093,-120,-91,-120,-87.27906977,-90.5,-91.33333333,-120,-90.625,-120,-120,-120,-120,-120,-120,-120,-120,-120,-87.84210526,-120,-120,-120,-88.09090909,-120,-120,-62.52941176,-120,-120,-120,-120,-89.4,-87.76595745,-91,-120,-120,-120,-120,-120,-120,-86,-120,-89.6,-91,-120,-120,-120,-87.5,-88.83333333,-90.33333333,-89,-120,-120,-89.66666667,-89.33333333,-120,-88.51612903,-88.125,-91,-120,-120,-83.17647059,-120,-120,-83.27906977,-120,-89,-120,-120,-120,-85,-120,-120,-120,-120,-120,-120,-120,-120,-120,-120,-120,-120,-120,-120,-120,-120,-120,-120,-120,-91.6,-120,-87.14285714,-120,-120,-120,-120,-120,-120,-120,-120,-120,-120,-120,-120,-120,-120,-120,-91,-89,-120,-120,-120,-120,-120,-120,1
-120,-120,-120,-120,-120,-91,-120,-120,-87.8,-89,-120,-120,-90,-120,-120,-87.0625,-89.66666667,-89,-120,-120,-88.42857143,-120,-120,-120,-120,-120,-120,-120,-120,-120,-120,-120,-120,-120,-89,-120,-120,-120,-87.8,-120,-120,-77.08,-120,-120,-120,-120,-120,-84.28571429,-120,-120,-120,-120,-120,-120,-120,-120,-120,-120,-87.75,-120,-120,-120,-120,-89,-120,-120,-120,-120,-120,-120,-120,-91,-89,-120,-120,-120,-88.07407407,-120,-120,-87.79310345,-120,-90,-120,-120,-120,-85,-120,-120,-84,-120,-120,-120,-120,-120,-120,-120,-120,-120,-87,-120,-120,-120,-120,-120,-120,-120,-120,-120,-120,-120,-120,-120,-120,-120,-120,-120,-120,-120,-120,-120,-120,-120,-120,-91,-120,-120,-120,-120,-120,-120,-120,1
-120,-120,-90,-120,-91,-120,-120,-120,-87.5,-85.2195122,-120,-120,-120,-120,-120,-86.66666667,-120,-120,-91,-120,-86.90909091,-120,-120,-120,-120,-120,-120,-120,-120,-120,-120,-120,-91,-120,-89,-120,-120,-120,-89.5,-120,-120,-73.80392157,-120,-120,-120,-120,-89.2,-87.40909091,-90,-120,-120,-120,-120,-120,-120,-120,-120,-120,-120,-120,-120,-120,-120,-87.25,-90,-91,-120,-120,-120,-120,-120,-90,-88,-87,-120,-120,-88.83783784,-120,-120,-86.35483871,-120,-86.75,-120,-81,-83,-83,-120,-120,-83,-120,-120,-120,-120,-120,-120,-120,-120,-120,-90,-120,-120,-120,-120,-120,-120,-120,-120,-120,-120,-120,-120,-120,-120,-120,-120,-120,-120,-120,-120,-120,-120,-120,-120,-88,-120,-120,-120,-120,-120,-120,-88,1
-120,-120,-120,-120,-120,-120,-120,-120,-88,-86.5,-120,-120,-120,-120,-120,-86.51111111,-120,-120,-120,-120,-120,-120,-120,-120,-120,-120,-120,-120,-120,-120,-120,-120,-91,-120,-91,-120,-120,-120,-120,-120,-120,-78.70588235,-120,-120,-120,-120,-120,-88.5,-120,-120,-120,-120,-120,-120,-120,-120,-120,-120,-120,-120,-120,-120,-120,-88.57142857,-120,-120,-120,-120,-91,-91,-120,-120,-120,-120,-120,-120,-89.75,-120,-120,-89.8,-120,-87,-120,-120,-120,-120,-120,-120,-120,-120,-120,-120,-120,-120,-120,-120,-120,-120,-88.89189189,-120,-120,-120,-120,-120,-120,-120,-120,-120,-120,-120,-120,-120,-120,-120,-120,-120,-120,-120,-120,-120,-120,-120,-120,-120,-90,-120,-120,-120,-120,-120,-120,1
-120,-120,-120,-120,-120,-120,-120,-120,-89,-92.53846154,-120,-120,-120,-120,-120,-84.43137255,-120,-120,-120,-120,-120,-120,-120,-120,-120,-120,-120,-120,-120,-120,-120,-120,-120,-120,-120,-120,-120,-120,-120,-120,-120,-80.37254902,-120,-120,-120,-120,-120,-90.16666667,-120,-120,-120,-120,-120,-120,-120,-120,-120,-120,-120,-120,-120,-120,-120,-88.53846154,-120,-120,-120,-120,-90,-90.45454545,-120,-120,-120,-120,-120,-120,-89.33333333,-120,-120,-89.79310345,-120,-91,-120,-120,-120,-120,-120,-120,-120,-120,-120,-120,-120,-120,-120,-120,-120,-120,-84.47058824,-120,-120,-120,-120,-120,-120,-120,-120,-120,-120,-120,-120,-120,-120,-120,-120,-120,-120,-120,-120,-120,-120,-120,-120,-120,-120,-120,-120,-120,-120,-120,-120,1
-120,-120,-120,-120,-120,-120,-120,-120,-120,-120,-120,-120,-120,-93.89655172,-120,-120,-86.43902439,-120,-120,-91.15789474,-120,-120,-120,-120,-120,-93.60869565,-120,-88.44186047,-120,-87,-120,-120,-120,-120,-120,-90.18181818,-120,-120,-120,-120,-120,-62.70588235,-57.49019608,-85.52941176,-84.45098039,-120,-120,-120,-120,-120,-120,-120,-120,-120,-120,-120,-120,-120,-120,-120,-120,-120,-120,-120,-120,-120,-120,-120,-120,-120,-120,-120,-120,-120,-90.82857143,-120,-120,-120,-120,-120,-120,-120,-120,-120,-120,-120,-120,-120,-120,-85.88372093,-120,-120,-93,-120,-120,-120,-87.76744186,-120,-120,-120,-120,-120,-120,-120,-120,-120,-120,-120,-120,-120,-120,-120,-120,-120,-120,-120,-92.8,-120,-120,-94,-91.18181818,-120,-120,-120,-120,-120,-120,-93.33333333,-120,-120,-120,-1
-120,-120,-120,-120,-120,-120,-120,-120,-120,-120,-120,-120,-120,-120,-120,-120,-84.37837838,-120,-120,-90.26923077,-120,-120,-120,-120,-120,-90.6,-120,-91.75,-120,-88,-120,-120,-120,-120,-120,-89.11538462,-120,-120,-120,-120,-120,-63.02,-120,-80.30612245,-120,-120,-120,-120,-120,-120,-120,-120,-120,-120,-120,-120,-120,-120,-120,-120,-120,-89,-120,-120,-120,-120,-120,-120,-120,-120,-120,-120,-120,-120,-120,-120,-120,-120,-120,-120,-120,-120,-120,-120,-120,-120,-120,-120,-120,-82,-120,-120,-120,-120,-120,-120,-84.6875,-120,-120,-120,-120,-120,-90,-120,-120,-120,-120,-120,-120,-120,-120,-120,-120,-120,-120,-120,-90,-120,-120,-120,-120,-120,-120,-120,-120,-120,-120,-90.6,-120,-120,-120,-1
-120,-120,-120,-120,-120,-120,-120,-120,-120,-120,-120,-120,-120,-95,-120,-120,-84.08163265,-120,-120,-90.5,-120,-120,-120,-120,-120,-89.54545455,-120,-92,-120,-87,-120,-120,-120,-120,-120,-120,-120,-120,-120,-120,-120,-67.62745098,-58.52941176,-87.50980392,-88.78431373,-120,-120,-120,-120,-120,-120,-120,-120,-120,-120,-120,-120,-120,-120,-120,-120,-120,-120,-120,-120,-120,-120,-120,-120,-120,-120,-120,-120,-120,-120,-120,-120,-120,-120,-120,-120,-120,-120,-120,-120,-120,-120,-120,-120,-88.48148148,-120,-120,-120,-120,-120,-120,-89.73913043,-120,-120,-120,-120,-120,-93,-120,-120,-120,-120,-120,-120,-120,-120,-120,-120,-120,-120,-120,-82,-120,-120,-93,-120,-120,-120,-120,-120,-120,-120,-95,-120,-120,-120,-1
-120,-120,-120,-120,-120,-120,-120,-120,-120,-120,-120,-120,-120,-90.67567568,-89.66666667,-120,-83.41304348,-120,-120,-88.56666667,-120,-120,-120,-120,-120,-88.67857143,-120,-90.22222222,-120,-87.5952381,-120,-120,-120,-120,-120,-90.3,-120,-120,-120,-120,-120,-62.38,-120,-81.76086957,-120,-120,-120,-120,-120,-120,-120,-120,-120,-120,-120,-120,-120,-120,-120,-120,-120,-120,-120,-120,-120,-120,-120,-120,-120,-120,-120,-120,-120,-120,-120,-120,-120,-120,-120,-120,-92,-120,-120,-120,-120,-120,-120,-120,-120,-82.04166667,-120,-120,-120,-120,-120,-120,-84.82142857,-120,-120,-120,-120,-91,-88.96666667,-120,-120,-120,-120,-120,-120,-120,-120,-120,-120,-120,-120,-120,-90.53571429,-120,-120,-90.94444444,-120,-120,-120,-120,-120,-120,-120,-89.44444444,-120,-120,-120,-1
-120,-95,-120,-120,-120,-120,-120,-120,-120,-120,-120,-120,-120,-120,-94,-120,-87.73913043,-120,-120,-88,-120,-120,-120,-120,-120,-88.125,-120,-94,-120,-85.63636364,-120,-120,-120,-120,-120,-89.18181818,-120,-120,-120,-120,-120,-64.44,-61.76,-87.2,-90.68,-120,-120,-120,-120,-120,-120,-120,-120,-120,-120,-120,-120,-120,-120,-120,-120,-120,-120,-120,-120,-120,-120,-120,-120,-120,-120,-120,-120,-120,-94,-120,-120,-120,-120,-120,-120,-120,-120,-120,-120,-120,-120,-120,-120,-86.75,-120,-120,-120,-120,-120,-120,-88,-120,-120,-120,-120,-94,-84.5,-120,-120,-120,-120,-120,-120,-120,-120,-120,-120,-120,-120,-120,-94,-94,-120,-120,-120,-120,-120,-120,-120,-120,-120,-120,-120,-120,-120,-1
-120,-120,-120,-120,-120,-120,-120,-120,-120,-120,-120,-120,-120,-120,-91,-120,-81.8974359,-120,-120,-87.5,-120,-120,-120,-120,-120,-89.51724138,-120,-91,-120,-86.53846154,-120,-120,-120,-120,-120,-89.64,-120,-120,-120,-120,-120,-59.3,-120,-79.06,-120,-120,-120,-120,-120,-120,-120,-120,-120,-120,-120,-120,-120,-120,-120,-120,-120,-120,-120,-120,-120,-120,-120,-120,-120,-120,-120,-120,-120,-120,-120,-120,-120,-120,-120,-120,-93,-120,-120,-120,-120,-120,-120,-120,-120,-83.08,-120,-120,-120,-120,-120,-120,-86.5,-120,-120,-120,-120,-120,-88.4,-120,-120,-120,-120,-120,-120,-120,-120,-120,-120,-120,-120,-120,-120,-120,-120,-91,-120,-120,-120,-120,-120,-120,-120,-89.71428571,-120,-120,-120,-1
-120,-120,-120,-120,-120,-120,-120,-120,-120,-120,-120,-120,-120,-120,-88,-120,-77.80392157,-120,-120,-80.66666667,-120,-120,-120,-120,-120,-80.25531915,-120,-91,-120,-82,-120,-120,-120,-120,-120,-78.05714286,-120,-120,-120,-120,-120,-57.7254902,-55.82352941,-78.7254902,-83.84313725,-120,-120,-120,-120,-92.82352941,-120,-120,-120,-120,-93.09090909,-120,-120,-120,-120,-120,-120,-120,-120,-120,-120,-120,-120,-89.81818182,-120,-120,-120,-120,-120,-120,-88,-120,-120,-120,-120,-120,-92,-120,-120,-120,-120,-120,-120,-120,-120,-85,-120,-80.64705882,-92.61702128,-120,-120,-87,-85.36842105,-90,-120,-120,-120,-85.4,-83.72413793,-120,-120,-120,-120,-120,-120,-92,-120,-120,-120,-120,-120,-120,-88.33333333,-93,-120,-94,-120,-120,-120,-120,-120,-120,-120,-120,-120,-120,-120,-1
-120,-120,-120,-120,-120,-120,-120,-120,-120,-120,-120,-120,-120,-89.65853659,-86.38461538,-120,-80.22,-120,-120,-83.70212766,-120,-120,-120,-120,-120,-84.20454545,-120,-88.55882353,-120,-79.93617021,-120,-120,-120,-120,-120,-81.95555556,-120,-120,-120,-120,-120,-56.50980392,-120,-75.03921569,-120,-120,-120,-120,-120,-89.6,-120,-92.125,-120,-120,-90.85714286,-120,-120,-120,-120,-120,-88,-120,-120,-120,-120,-120,-120,-120,-120,-120,-120,-120,-120,-120,-87.3030303,-120,-120,-120,-120,-120,-90.48,-120,-120,-120,-120,-120,-120,-120,-120,-75.5,-120,-83.86666667,-120,-120,-120,-82,-84.9375,-120,-120,-120,-120,-91,-85.87878788,-120,-120,-120,-120,-120,-120,-91.25,-120,-120,-120,-120,-120,-120,-90.75,-89.44444444,-120,-89.75,-120,-120,-120,-120,-120,-120,-120,-83.91666667,-120,-120,-120,-1
-120,-93,-120,-120,-120,-120,-120,-120,-120,-120,-120,-120,-120,-88.90909091,-85,-120,-75.23529412,-120,-120,-77.69230769,-120,-120,-120,-120,-120,-84.14814815,-120,-87.55555556,-120,-85.90697674,-120,-120,-120,-120,-120,-82.64,-120,-120,-120,-120,-120,-57.50980392,-49,-80.35294118,-84.19607843,-120,-120,-120,-120,-120,-120,-120,-120,-120,-120,-120,-120,-120,-120,-120,-120,-120,-120,-120,-120,-120,-120,-120,-120,-120,-120,-120,-120,-120,-89.29411765,-120,-120,-120,-120,-120,-94,-120,-120,-120,-120,-120,-120,-120,-120,-82.7755102,-120,-83.525,-91.44897959,-120,-120,-90,-87.87234043,-89.43589744,-120,-120,-120,-88.8,-86.24,-120,-120,-120,-120,-120,-120,-95,-120,-120,-120,-120,-90,-120,-89.94117647,-120,-120,-91.66666667,-120,-120,-120,-120,-120,-120,-120,-87,-94,-120,-120,-1
-120,-120,-120,-120,-120,-120,-120,-120,-120,-120,-120,-120,-120,-89.42857143,-85.57142857,-120,-71.43137255,-120,-120,-84.91666667,-120,-120,-120,-120,-120,-85.70454545,-120,-87.61702128,-120,-84.70454545,-120,-120,-120,-120,-120,-83.09090909,-120,-120,-120,-120,-120,-52.64705882,-120,-74.37254902,-120,-120,-120,-120,-120,-91,-120,-120,-120,-120,-120,-120,-120,-120,-120,-91,-120,-120,-120,-120,-120,-120,-120,-120,-120,-120,-120,-120,-120,-120,-89.43902439,-120,-120,-120,-120,-120,-91,-120,-120,-120,-120,-120,-120,-120,-120,-77.95555556,-120,-79.66666667,-120,-120,-120,-86.125,-85.61111111,-120,-120,-120,-120,-90.17241379,-88.04878049,-120,-120,-120,-120,-120,-89,-91.66666667,-120,-120,-120,-120,-91.5,-120,-90,-90.5,-120,-89.88461538,-120,-120,-120,-120,-120,-120,-120,-85.69444444,-120,-120,-120,-1
-120,-120,-120,-120,-120,-120,-120,-120,-120,-120,-120,-120,-120,-120,-92,-120,-57.66666667,-120,-120,-93,-120,-120,-120,-120,-120,-120,-120,-120,-120,-120,-120,-120,-120,-120,-120,-86,-120,-120,-120,-87.17647059,-120,-51.41176471,-39.2745098,-86.61290323,-86.49019608,-120,-120,-120,-120,-120,-120,-120,-120,-120,-92.16129032,-120,-120,-120,-120,-80.31372549,-120,-120,-120,-120,-120,-120,-120,-120,-120,-120,-81.45652174,-120,-120,-120,-120,-120,-120,-120,-120,-120,-95,-120,-120,-120,-120,-120,-120,-120,-120,-85.87179487,-120,-71.33333333,-87.62745098,-74.43137255,-85.31372549,-93,-120,-120,-120,-120,-120,-120,-120,-89.74509804,-120,-120,-120,-120,-120,-120,-120,-120,-120,-120,-120,-120,-120,-120,-120,-120,-120,-120,-120,-120,-120,-120,-120,-120,-120,-120,-120,-1
-120,-120,-120,-120,-120,-120,-120,-120,-120,-120,-120,-120,-120,-120,-89.54166667,-91,-60.82352941,-120,-120,-90.61111111,-120,-120,-120,-120,-120,-89.71428571,-120,-90.75,-120,-89.48148148,-120,-120,-120,-120,-120,-88.5,-120,-120,-120,-90.68181818,-120,-49.03921569,-120,-82.47619048,-120,-120,-120,-120,-120,-120,-120,-120,-120,-120,-89.91489362,-120,-120,-120,-120,-84.74509804,-120,-120,-120,-120,-120,-120,-120,-120,-120,-120,-86.14285714,-120,-120,-120,-120,-120,-120,-90.5,-120,-120,-120,-120,-120,-120,-120,-120,-120,-120,-120,-82.79411765,-120,-73.78,-120,-79.35294118,-120,-85.5,-120,-120,-120,-120,-120,-120,-91,-91.1,-120,-120,-120,-120,-120,-120,-90,-120,-120,-120,-120,-120,-91.5,-120,-120,-120,-120,-120,-120,-120,-120,-120,-120,-91,-120,-120,-120,-1
-120,-120,-120,-120,-120,-120,-120,-120,-120,-88,-120,-120,-120,-120,-120,-87.48484848,-71.92156863,-120,-120,-120,-120,-120,-120,-120,-120,-120,-120,-120,-120,-90.9375,-120,-120,-120,-120,-120,-90,-120,-120,-120,-120,-120,-47.41176471,-120,-84.9,-120,-120,-120,-91,-120,-120,-120,-120,-120,-120,-89.97674419,-120,-120,-120,-120,-91.5,-120,-120,-120,-120,-120,-120,-120,-120,-120,-120,-89.34042553,-93,-92,-120,-120,-120,-88.81818182,-120,-120,-89.69230769,-120,-120,-120,-120,-120,-120,-120,-120,-120,-120,-120,-79.18,-120,-87.5,-120,-120,-120,-120,-120,-120,-120,-120,-120,-120,-120,-120,-120,-120,-120,-120,-91.5,-120,-120,-120,-120,-120,-120,-120,-120,-120,-120,-120,-120,-120,-120,-120,-120,-120,-120,-120,-120,-1
-120,-120,-90,-120,-89,-120,-120,-120,-87.79487179,-84.6097561,-120,-120,-87,-120,-120,-85.0952381,-87.9047619,-120,-89.88888889,-120,-90.06666667,-90,-89.33333333,-120,-90.69230769,-120,-120,-120,-88,-120,-120,-120,-87.08571429,-120,-87.24,-120,-91,-120,-89.14285714,-120,-120,-68.01960784,-120,-120,-120,-120,-89.07692308,-87.88636364,-120,-120,-120,-120,-120,-91,-120,-86.48275862,-120,-88.52631579,-89.32,-90,-120,-120,-89,-89.86666667,-88,-90,-120,-120,-87.88888889,-87.2,-120,-120,-90.66666667,-90.57142857,-120,-90.5,-85.72,-120,-87,-85.58695652,-120,-87.5,-120,-120,-120,-85.75,-120,-120,-120,-120,-120,-120,-120,-120,-120,-120,-120,-120,-90.2,-90,-120,-120,-120,-120,-120,-120,-120,-89,-120,-120,-120,-120,-120,-120,-120,-120,-120,-120,-90,-120,-120,-90,-120,-91,-89.84615385,-91,-120,-120,-120,-120,-120,1
-120,-120,-120,-120,-120,-120,-120,-120,-91.54545455,-89.0952381,-120,-120,-120,-120,-120,-88.4,-91.03448276,-120,-120,-120,-120,-120,-120,-120,-120,-120,-120,-120,-120,-120,-120,-120,-90.5,-120,-89,-120,-120,-120,-120,-120,-120,-76.31372549,-120,-120,-120,-120,-120,-89.9,-120,-120,-120,-120,-120,-120,-120,-120,-120,-120,-120,-120,-120,-120,-120,-90,-120,-120,-120,-120,-120,-120,-120,-120,-120,-120,-120,-120,-90.275,-120,-120,-87.70731707,-120,-120,-120,-120,-120,-120,-120,-120,-120,-120,-120,-120,-120,-120,-120,-120,-120,-120,-89,-120,-120,-120,-120,-120,-120,-120,-120,-120,-120,-120,-120,-120,-120,-120,-120,-120,-120,-120,-120,-120,-120,-120,-120,-120,-120,-120,-120,-120,-120,-120,-120,1
-120,-120,-120,-120,-120,-120,-120,-120,-120,-88.88235294,-120,-120,-120,-120,-120,-88.52,-120,-120,-120,-120,-120,-120,-120,-120,-120,-120,-120,-120,-120,-120,-120,-120,-90.66666667,-120,-120,-120,-120,-120,-120,-120,-120,-80.50980392,-120,-120,-120,-120,-120,-120,-120,-120,-120,-120,-120,-120,-120,-120,-120,-120,-120,-120,-120,-120,-120,-92,-91,-120,-120,-120,-120,-93,-120,-120,-120,-120,-120,-120,-89.86363636,-120,-120,-89.53571429,-120,-120,-120,-120,-120,-120,-120,-120,-120,-120,-120,-120,-120,-120,-120,-120,-120,-120,-120,-120,-120,-120,-120,-120,-120,-120,-120,-120,-120,-120,-120,-120,-120,-120,-120,-120,-120,-120,-120,-120,-120,-120,-120,-120,-120,-120,-120,-120,-120,-120,-120,1
-120,-120,-120,-120,-120,-120,-120,-120,-120,-88.25806452,-120,-120,-120,-120,-120,-87.52631579,-120,-120,-120,-120,-120,-120,-120,-120,-120,-120,-120,-120,-120,-120,-120,-120,-120,-120,-91,-120,-120,-120,-120,-120,-120,-82.35294118,-120,-120,-120,-120,-120,-120,-120,-120,-120,-120,-120,-120,-120,-120,-120,-120,-120,-120,-120,-120,-120,-89.6,-120,-120,-120,-120,-120,-120,-120,-120,-120,-120,-120,-120,-90.69230769,-120,-120,-87.625,-120,-120,-120,-120,-120,-120,-120,-120,-120,-120,-120,-120,-120,-120,-120,-120,-120,-120,-90.73684211,-120,-120,-120,-120,-120,-120,-120,-120,-120,-120,-120,-120,-120,-120,-120,-120,-120,-120,-120,-120,-120,-120,-120,-120,-120,-120,-120,-88.14285714,-120,-120,-120,-120,1
-120,-120,-120,-120,-120,-120,-120,-120,-90.5,-91.14285714,-120,-120,-120,-120,-120,-89.64444444,-120,-120,-120,-120,-91,-120,-120,-120,-120,-120,-120,-120,-120,-120,-120,-120,-120,-120,-91,-120,-120,-120,-120,-120,-120,-81.98,-120,-120,-120,-120,-120,-91.44444444,-120,-120,-120,-120,-120,-120,-120,-120,-120,-120,-120,-120,-120,-120,-120,-88.45454545,-120,-120,-120,-120,-90,-91,-120,-120,-120,-120,-120,-120,-91.1875,-120,-120,-87.36842105,-120,-93,-120,-120,-120,-120,-120,-120,-120,-120,-120,-120,-120,-120,-120,-120,-120,-120,-89.38,-120,-120,-120,-120,-120,-120,-120,-120,-120,-120,-120,-120,-120,-120,-120,-120,-120,-120,-120,-120,-120,-120,-120,-120,-120,-120,-120,-120,-120,-120,-120,-120,1
-120,-120,-120,-120,-120,-120,-120,-120,-120,-120,-120,-120,-120,-93.4,-120,-120,-86.5,-120,-120,-88.70588235,-120,-120,-120,-120,-120,-89.58333333,-120,-89.5,-120,-120,-120,-120,-120,-120,-120,-91,-120,-120,-120,-120,-120,-62.76,-59,-84.24,-88,-120,-120,-120,-120,-120,-120,-120,-120,-120,-120,-120,-120,-120,-120,-120,-120,-120,-120,-120,-120,-120,-120,-120,-120,-120,-120,-120,-120,-120,-89,-120,-120,-120,-120,-120,-95,-120,-120,-120,-120,-120,-120,-120,-120,-85.55555556,-120,-120,-120,-120,-120,-120,-88.53333333,-120,-120,-120,-120,-120,-120,-120,-120,-120,-120,-120,-120,-120,-120,-120,-120,-120,-120,-120,-120,-120,-120,-120,-120,-120,-120,-120,-120,-120,-120,-92,-120,-120,-120,-1
-120,-120,-120,-120,-120,-120,-120,-120,-120,-120,-120,-120,-120,-120,-120,-120,-81.30612245,-120,-120,-87.04166667,-120,-120,-120,-120,-120,-90.27777778,-120,-89.85714286,-120,-90.47826087,-120,-120,-120,-120,-120,-89.79166667,-120,-120,-120,-120,-120,-62.45098039,-120,-81.12244898,-120,-120,-120,-120,-120,-120,-120,-120,-120,-120,-120,-120,-120,-120,-120,-120,-120,-120,-120,-120,-120,-120,-120,-120,-120,-120,-120,-120,-120,-120,-120,-120,-120,-120,-120,-120,-120,-120,-120,-120,-120,-120,-120,-120,-120,-79.70833333,-120,-120,-120,-120,-120,-120,-85.8,-120,-120,-120,-120,-120,-89.31578947,-120,-120,-120,-120,-120,-120,-120,-120,-120,-120,-120,-120,-120,-120,-120,-120,-120,-120,-120,-120,-120,-120,-120,-120,-87.83783784,-120,-120,-120,-1
-120,-92,-120,-120,-120,-120,-120,-120,-120,-120,-120,-120,-120,-96,-89.90909091,-120,-75.14545455,-120,-120,-90.09090909,-120,-120,-120,-120,-120,-87,-120,-86,-120,-86.57142857,-120,-120,-120,-120,-120,-83.66666667,-120,-120,-120,-120,-120,-57.54545455,-55.34545455,-79.81818182,-84.70909091,-120,-120,-120,-120,-91,-120,-120,-120,-120,-120,-120,-120,-120,-120,-120,-120,-120,-120,-120,-120,-120,-120,-91.5,-120,-120,-120,-120,-120,-120,-90.84615385,-120,-120,-120,-120,-120,-120,-120,-120,-120,-120,-120,-120,-120,-120,-78.73333333,-120,-88,-93,-120,-120,-86.5,-85.71428571,-120,-120,-120,-120,-90.2,-86.76923077,-120,-120,-120,-120,-120,-120,-93,-120,-120,-120,-120,-120,-120,-90.61111111,-93,-120,-120,-120,-120,-120,-120,-120,-120,-120,-90.2,-96,-120,-120,-1
-120,-120,-120,-120,-120,-120,-120,-120,-120,-120,-120,-120,-120,-91.5,-91.57142857,-120,-83,-120,-120,-88.88888889,-120,-120,-120,-120,-120,-90.4375,-120,-88,-120,-86.52941176,-120,-120,-120,-120,-120,-83.05263158,-120,-120,-120,-120,-120,-58.39215686,-120,-77.16,-120,-120,-120,-120,-120,-120,-120,-120,-120,-120,-120,-120,-120,-120,-120,-120,-120,-120,-120,-120,-120,-120,-120,-120,-120,-120,-120,-120,-120,-120,-91,-120,-120,-120,-120,-120,-120,-120,-120,-120,-120,-120,-120,-120,-120,-82.18181818,-120,-120,-120,-120,-120,-120,-120,-120,-120,-120,-120,-120,-120,-120,-120,-120,-120,-120,-120,-120,-120,-120,-120,-120,-120,-120,-91.41176471,-120,-120,-91,-120,-120,-120,-120,-120,-120,-120,-90.29166667,-120,-120,-120,-1
-120,-94,-120,-120,-120,-120,-120,-120,-120,-120,-120,-120,-120,-120,-91.42857143,-120,-80.8627451,-120,-120,-90,-120,-120,-120,-120,-120,-86,-120,-91,-120,-87.19047619,-120,-120,-120,-120,-120,-120,-120,-120,-120,-120,-120,-60.09803922,-51.17647059,-77.60784314,-83.94117647,-120,-120,-120,-120,-120,-120,-120,-120,-120,-120,-120,-120,-120,-120,-120,-120,-120,-120,-120,-120,-120,-120,-94.21052632,-120,-120,-120,-120,-120,-120,-88.30769231,-120,-120,-120,-120,-120,-95,-120,-120,-120,-120,-120,-120,-120,-120,-80.36666667,-87,-88.23809524,-92.89795918,-120,-120,-89.80555556,-87.10204082,-89.53333333,-120,-120,-120,-94,-85.76595745,-120,-120,-120,-120,-120,-120,-120,-120,-120,-120,-120,-120,-95.41176471,-120,-120,-120,-94.8,-120,-120,-120,-120,-120,-120,-120,-90.5,-95,-120,-120,-1
-120,-120,-120,-120,-120,-120,-120,-120,-120,-120,-120,-120,-120,-91.66666667,-91.64285714,-120,-77.1372549,-120,-120,-89.375,-120,-120,-120,-120,-120,-90.5,-120,-88.06666667,-120,-83.35555556,-120,-120,-120,-120,-120,-87.60526316,-120,-120,-120,-120,-120,-50.96078431,-120,-74.86,-120,-120,-120,-120,-120,-120,-120,-120,-120,-120,-120,-120,-120,-120,-120,-120,-120,-120,-120,-120,-120,-120,-120,-120,-120,-120,-120,-120,-120,-120,-120,-120,-120,-120,-120,-120,-120,-120,-120,-120,-120,-120,-120,-120,-120,-82.07142857,-120,-120,-120,-120,-120,-120,-86,-120,-120,-120,-120,-91,-90.63636364,-120,-120,-120,-120,-120,-120,-120,-120,-120,-120,-120,-120,-120,-89.72916667,-120,-120,-91.30769231,-120,-120,-120,-120,-120,-120,-120,-85.77272727,-120,-120,-120,-1
-120,-120,-120,-120,-120,-120,-120,-120,-120,-120,-120,-120,-120,-120,-120,-120,-77.94117647,-120,-120,-80.10810811,-120,-120,-120,-120,-120,-84.42857143,-120,-83.22857143,-120,-79.53333333,-120,-120,-120,-120,-120,-80.97560976,-120,-120,-120,-120,-120,-58.43137255,-53.47058824,-78.01960784,-84.05882353,-120,-120,-120,-120,-120,-120,-120,-120,-120,-95,-120,-120,-120,-120,-120,-120,-120,-120,-120,-120,-120,-120,-89.86666667,-120,-120,-120,-120,-120,-120,-86.06060606,-120,-120,-120,-120,-120,-94,-120,-120,-120,-120,-120,-120,-120,-120,-81.375,-120,-84.07692308,-91.29411765,-120,-120,-120,-85.25,-89,-120,-120,-120,-85,-84.28571429,-120,-120,-120,-120,-120,-120,-120,-120,-91,-120,-120,-120,-120,-89.28571429,-92,-120,-120,-120,-120,-120,-120,-120,-120,-120,-89,-120,-120,-120,-1
-120,-120,-120,-120,-120,-120,-120,-120,-120,-120,-120,-120,-120,-89.72727273,-86.1,-120,-78.24489796,-120,-120,-86.37837838,-120,-120,-120,-120,-120,-87.93548387,-120,-90.06666667,-120,-83.56818182,-120,-120,-120,-120,-120,-84.63636364,-120,-120,-120,-120,-120,-54.88,-120,-76.875,-120,-120,-120,-120,-120,-120,-120,-91,-120,-120,-90.25,-120,-120,-120,-120,-120,-120,-120,-120,-120,-120,-120,-120,-91.75,-120,-120,-120,-120,-120,-120,-87.8,-120,-120,-120,-120,-120,-90.54545455,-120,-120,-120,-120,-120,-120,-120,-120,-83.96551724,-120,-83.71428571,-120,-120,-120,-83.28571429,-84.75,-120,-120,-120,-120,-90,-87.76470588,-120,-120,-120,-120,-120,-90.6,-92,-120,-120,-120,-120,-120,-120,-89.70588235,-90.2,-120,-90.8,-120,-120,-120,-120,-120,-120,-120,-85.74193548,-92,-120,-120,-1
-120,-120,-120,-120,-120,-120,-120,-120,-120,-120,-120,-120,-120,-91,-87,-120,-65.96078431,-120,-120,-91.6,-120,-120,-120,-120,-120,-87.35714286,-120,-83.97368421,-120,-120,-120,-120,-120,-93,-120,-82.46666667,-120,-120,-120,-120,-120,-57.47058824,-43.8627451,-79.8,-84.78431373,-120,-120,-120,-120,-120,-120,-95,-120,-120,-120,-120,-120,-120,-120,-120,-120,-120,-120,-120,-120,-120,-120,-90.61538462,-120,-120,-83.28571429,-120,-120,-120,-91.28571429,-120,-120,-120,-120,-120,-95,-120,-120,-120,-120,-120,-120,-120,-120,-120,-120,-82.97368421,-92.52941176,-120,-120,-88.75862069,-86.97560976,-88.85106383,-120,-120,-120,-86.58333333,-83.3877551,-120,-120,-120,-120,-120,-92,-94,-120,-120,-120,-120,-120,-120,-89.52941176,-120,-120,-91,-120,-120,-120,-120,-120,-120,-120,-87.14285714,-120,-120,-120,-1
-120,-120,-120,-120,-120,-120,-120,-120,-120,-120,-120,-120,-120,-90,-90.25581395,-120,-72.70588235,-120,-120,-87.68421053,-120,-120,-120,-120,-120,-90.9047619,-120,-91,-120,-88.53658537,-120,-120,-120,-120,-120,-89.46341463,-120,-120,-120,-120,-120,-54.05882353,-120,-80.91836735,-120,-120,-120,-120,-120,-120,-120,-120,-120,-120,-120,-120,-120,-120,-120,-120,-120,-120,-120,-120,-120,-120,-120,-120,-120,-120,-120,-120,-120,-120,-91,-120,-120,-120,-120,-120,-120,-120,-120,-120,-120,-120,-120,-120,-120,-79,-120,-84.33333333,-120,-120,-120,-120,-120,-120,-120,-120,-120,-88,-91,-120,-120,-120,-120,-120,-120,-120,-120,-120,-120,-120,-120,-120,-91.425,-120,-120,-120,-120,-120,-120,-120,-120,-120,-120,-90.5,-120,-120,-120,-1
-120,-120,-120,-120,-120,-120,-120,-120,-120,-120,-120,-120,-120,-120,-90.84210526,-120,-59.9,-120,-120,-93,-120,-120,-120,-120,-120,-120,-120,-120,-120,-92.47368421,-120,-120,-120,-120,-120,-89,-120,-120,-120,-120,-120,-47.58,-39.16,-88.34883721,-88.44,-120,-120,-120,-120,-120,-120,-120,-120,-120,-92.11111111,-120,-120,-120,-120,-81.75,-120,-120,-120,-120,-120,-120,-120,-120,-120,-120,-85.73684211,-120,-120,-120,-120,-120,-120,-120,-120,-120,-120,-120,-120,-120,-120,-120,-120,-120,-120,-85.4,-120,-77.125,-85.92857143,-86,-86.75,-89.86111111,-120,-120,-120,-120,-120,-120,-88,-84.03846154,-120,-120,-120,-120,-120,-120,-120,-120,-120,-120,-93,-120,-120,-120,-120,-120,-120,-120,-120,-120,-120,-120,-120,-120,-120,-120,-120,-1
-120,-120,-120,-120,-120,-120,-120,-120,-120,-120,-120,-120,-120,-120,-89,-120,-60.50980392,-120,-120,-91,-120,-120,-120,-120,-120,-90,-120,-91.5,-120,-90.36585366,-120,-120,-120,-120,-120,-90.04347826,-120,-120,-120,-88.8,-120,-43.09803922,-120,-85.5,-120,-120,-120,-120,-120,-120,-120,-120,-120,-120,-88.9,-120,-120,-120,-120,-87.97916667,-120,-120,-120,-120,-120,-120,-120,-120,-120,-120,-87.8,-120,-120,-120,-120,-120,-120,-90,-120,-120,-120,-120,-120,-120,-120,-120,-120,-120,-120,-85.56097561,-120,-75.39215686,-120,-82.97777778,-120,-120,-120,-120,-120,-120,-120,-120,-91.85714286,-90.25,-120,-120,-120,-120,-120,-120,-92,-120,-120,-120,-120,-120,-92,-120,-120,-120,-120,-120,-120,-120,-120,-120,-120,-120,-120,-120,-120,-1
-120,-120,-120,-120,-120,-120,-120,-120,-120,-120,-120,-120,-120,-120,-120,-86,-73.11764706,-120,-120,-120,-120,-120,-120,-120,-120,-120,-120,-120,-120,-92,-120,-120,-120,-120,-120,-120,-120,-120,-120,-120,-120,-46.09803922,-120,-87,-120,-120,-120,-120,-120,-120,-120,-120,-120,-120,-91.45833333,-120,-120,-120,-120,-120,-120,-120,-120,-120,-120,-120,-120,-120,-120,-120,-90.85714286,-120,-120,-120,-120,-120,-90,-120,-120,-120,-120,-120,-120,-120,-120,-120,-120,-120,-120,-120,-120,-83.725,-120,-120,-120,-120,-120,-120,-120,-120,-120,-120,-120,-120,-120,-120,-120,-120,-120,-120,-93,-120,-120,-120,-120,-120,-120,-120,-120,-120,-120,-120,-120,-120,-120,-120,-120,-120,-120,-120,-120,-1
-120,-120,-120,-89.88888889,-120,-120,-120,-120,-83.26086957,-81.12,-120,-120,-91,-120,-120,-80.80392157,-87,-120,-89,-120,-86.74285714,-90.92307692,-120,-120,-89.5,-120,-120,-120,-89.21428571,-120,-120,-120,-88.5,-120,-88.34782609,-89,-120,-91,-120,-120,-120,-67.68627451,-120,-120,-120,-120,-88.51428571,-85.26190476,-120,-120,-83,-120,-120,-120,-120,-82.23913043,-120,-90.3,-89.05263158,-120,-120,-120,-89.33333333,-89,-89.90909091,-91.33333333,-120,-120,-120,-120,-120,-89.8,-88.8125,-88,-120,-120,-82.58823529,-120,-89.33333333,-83.27083333,-120,-89,-120,-120,-120,-85.27272727,-120,-120,-120,-120,-120,-120,-120,-120,-120,-120,-120,-120,-89,-90,-120,-120,-120,-120,-120,-89.5,-120,-88.6,-120,-120,-120,-120,-120,-120,-120,-120,-120,-120,-120,-120,-120,-120,-120,-120,-89.31818182,-89,-120,-120,-120,-120,-120,1
-120,-120,-120,-120,-90.51724138,-120,-120,-120,-88.46428571,-84.2,-120,-120,-91.85,-120,-120,-81.96078431,-91.69230769,-120,-120,-120,-91,-120,-90.73529412,-120,-120,-120,-120,-120,-120,-120,-120,-120,-91.63636364,-120,-88.5,-120,-120,-120,-120,-120,-120,-71.35294118,-120,-120,-120,-120,-92,-85.94117647,-120,-120,-120,-120,-120,-120,-120,-120,-120,-92,-91,-120,-120,-120,-120,-89.42857143,-120,-120,-120,-120,-120,-120,-120,-91.3,-92.375,-89.73913043,-120,-120,-84.88235294,-120,-120,-84.42553191,-120,-90.75,-120,-120,-120,-120,-120,-120,-84.84848485,-120,-120,-120,-120,-120,-120,-120,-120,-120,-120,-120,-120,-120,-120,-120,-120,-120,-120,-120,-120,-120,-120,-120,-120,-120,-120,-120,-120,-120,-120,-120,-120,-120,-120,-120,-92.04545455,-120,-120,-120,-120,-120,-120,1
-120,-94,-120,-120,-120,-120,-120,-120,-120,-120,-120,-120,-120,-94,-120,-120,-79.52941176,-120,-120,-79.75,-120,-120,-120,-120,-120,-120,-120,-88.63636364,-120,-85.42857143,-120,-120,-120,-120,-120,-86,-120,-120,-120,-120,-120,-59.01960784,-53.64705882,-80.49019608,-84.64705882,-120,-120,-120,-120,-95.23076923,-120,-92,-120,-120,-120,-120,-120,-120,-120,-120,-120,-120,-120,-120,-120,-120,-120,-120,-120,-120,-120,-120,-120,-120,-86.72340426,-120,-120,-120,-120,-120,-95,-120,-120,-120,-120,-120,-120,-120,-120,-80.84313725,-90,-89,-94.5,-120,-120,-120,-85.17948718,-120,-120,-120,-120,-120,-87.7,-120,-120,-120,-120,-120,-120,-120,-120,-120,-120,-120,-120,-120,-92.84210526,-94,-120,-91.6,-120,-120,-120,-120,-120,-120,-120,-89.14285714,-92,-120,-120,-1
-120,-120,-120,-120,-120,-120,-120,-120,-120,-120,-120,-120,-120,-120,-120,-120,-82.02222222,-120,-120,-89.18421053,-120,-120,-120,-120,-120,-89.13793103,-120,-89.97058824,-120,-85.8,-120,-120,-120,-120,-120,-87.81481481,-120,-120,-120,-120,-120,-60.39215686,-120,-77.1,-120,-120,-120,-120,-120,-120,-120,-120,-120,-120,-120,-120,-120,-120,-120,-120,-120,-120,-120,-120,-120,-120,-120,-120,-120,-120,-120,-120,-120,-120,-120,-120,-120,-120,-120,-120,-120,-120,-120,-120,-120,-120,-120,-120,-120,-76.27272727,-120,-87,-120,-120,-120,-85.52380952,-84.88888889,-120,-120,-120,-120,-120,-89.125,-120,-120,-120,-120,-120,-120,-120,-120,-120,-120,-120,-120,-120,-120,-120,-120,-120,-120,-120,-120,-120,-120,-120,-120,-89.30434783,-120,-120,-120,-1
-120,-120,-120,-120,-120,-120,-120,-120,-120,-120,-120,-120,-120,-93,-86.8,-120,-77.56862745,-120,-120,-84.35483871,-120,-120,-120,-120,-120,-87.35,-120,-89.77777778,-120,-87.76923077,-120,-120,-120,-120,-120,-86.85714286,-120,-120,-120,-120,-120,-58.01960784,-54.90196078,-79.44897959,-85.7254902,-120,-120,-120,-120,-120,-120,-120,-120,-120,-120,-120,-120,-120,-120,-120,-120,-120,-120,-120,-120,-120,-120,-93,-120,-120,-120,-120,-120,-120,-90.85185185,-120,-91.33333333,-120,-120,-120,-93.33333333,-120,-120,-120,-120,-120,-120,-120,-120,-80.90909091,-120,-84.60606061,-92.43589744,-120,-120,-85,-80.65853659,-92,-120,-120,-120,-120,-86,-120,-120,-120,-120,-120,-120,-120,-120,-120,-120,-120,-120,-120,-92.35897436,-95,-120,-92,-120,-120,-120,-120,-120,-120,-120,-91,-120,-120,-120,-1
-120,-120,-120,-120,-120,-120,-120,-120,-120,-120,-120,-120,-120,-90.5,-89.0952381,-120,-81.53061224,-120,-120,-87.78378378,-120,-120,-120,-120,-120,-87.33333333,-120,-88.83870968,-120,-85.66666667,-120,-120,-120,-120,-120,-86.67857143,-120,-120,-120,-120,-120,-56.94117647,-120,-75.6,-120,-120,-120,-120,-120,-120,-120,-120,-120,-120,-90,-120,-120,-120,-120,-120,-120,-120,-120,-120,-120,-120,-120,-92,-120,-120,-120,-120,-120,-120,-90.72727273,-120,-120,-120,-120,-120,-90.35714286,-120,-120,-120,-120,-120,-120,-120,-120,-77.38888889,-120,-86,-120,-120,-120,-84,-84.73076923,-120,-120,-120,-120,-89.6,-88.73684211,-120,-120,-120,-120,-120,-120,-120,-120,-120,-120,-120,-120,-120,-90.43333333,-120,-120,-91,-120,-120,-120,-120,-120,-120,-120,-89.27027027,-120,-120,-120,-1
-120,-120,-120,-120,-120,-120,-120,-120,-120,-120,-120,-120,-120,-120,-91.66666667,-120,-83.5,-120,-120,-94,-120,-120,-120,-120,-120,-91,-85.81818182,-95,-120,-87,-120,-120,-120,-120,-120,-91.5,-120,-120,-120,-120,-120,-65.52,-59.92,-84.84,-85.64,-120,-120,-120,-120,-120,-120,-120,-120,-120,-120,-120,-120,-120,-120,-120,-120,-120,-120,-120,-120,-120,-120,-120,-120,-120,-120,-120,-120,-120,-93,-120,-120,-120,-120,-120,-93.4,-120,-120,-120,-120,-120,-120,-120,-120,-87.66666667,-120,-120,-120,-120,-120,-120,-89.2,-120,-120,-120,-120,-120,-120,-120,-120,-120,-120,-120,-120,-120,-120,-120,-120,-120,-120,-120,-92,-120,-120,-120,-120,-120,-120,-120,-120,-120,-120,-93,-120,-120,-120,-1
-120,-120,-120,-120,-120,-120,-120,-120,-120,-120,-120,-120,-120,-90.73684211,-86.76744186,-120,-78.1372549,-120,-120,-90.68181818,-120,-120,-120,-120,-120,-88.33333333,-77.95,-90.40909091,-120,-86,-120,-120,-120,-120,-120,-88.10526316,-120,-120,-120,-120,-120,-54.17647059,-120,-78.29166667,-120,-120,-120,-120,-120,-120,-120,-120,-120,-120,-120,-120,-120,-120,-120,-120,-120,-120,-120,-120,-120,-120,-120,-120,-120,-120,-120,-120,-120,-120,-120,-120,-120,-120,-120,-120,-120,-120,-120,-120,-120,-120,-120,-120,-120,-82,-120,-120,-120,-120,-120,-120,-84.56521739,-120,-120,-120,-120,-120,-89.64705882,-120,-120,-120,-120,-120,-120,-120,-120,-120,-120,-120,-120,-120,-90.75,-90.52173913,-120,-92,-120,-120,-120,-120,-120,-120,-120,-89.47826087,-120,-120,-120,-1
-120,-120,-120,-120,-120,-120,-120,-120,-120,-120,-120,-120,-120,-120,-86.66666667,-120,-76.94117647,-120,-120,-88.92307692,-120,-120,-120,-120,-120,-84.61538462,-120,-86.66666667,-120,-85,-120,-120,-120,-120,-120,-82.2,-120,-120,-120,-120,-120,-57.52941176,-50.94117647,-75.50980392,-85.2745098,-120,-120,-120,-120,-88,-120,-120,-120,-120,-97,-120,-120,-120,-120,-120,-120,-120,-120,-120,-120,-120,-120,-88,-120,-120,-120,-120,-120,-120,-85.77142857,-120,-120,-120,-120,-120,-94,-120,-120,-120,-120,-120,-120,-120,-120,-79.8,-120,-83.64102564,-91.60784314,-120,-120,-91,-83.24242424,-91,-120,-120,-120,-88,-86.35483871,-120,-120,-120,-120,-120,-92,-120,-120,-120,-120,-120,-90,-120,-87.17777778,-120,-120,-92,-120,-120,-120,-120,-120,-120,-120,-85,-120,-120,-120,-1
-120,-120,-120,-120,-120,-120,-120,-120,-120,-120,-120,-120,-120,-89.80952381,-81.08333333,-120,-77.83673469,-120,-120,-84.61111111,-120,-120,-120,-120,-120,-84.8,-120,-87.89473684,-120,-82.35416667,-120,-120,-120,-120,-120,-81.47826087,-120,-120,-120,-120,-120,-52.90196078,-120,-75.36,-120,-120,-120,-120,-120,-120,-120,-120,-120,-120,-91,-120,-120,-120,-120,-120,-120,-120,-120,-120,-120,-120,-120,-91,-120,-120,-120,-120,-120,-120,-89.625,-120,-120,-120,-120,-120,-90.33333333,-120,-120,-120,-120,-120,-120,-120,-120,-73.33333333,-120,-83.8,-120,-120,-120,-84.25,-83.92,-120,-120,-120,-120,-89,-86.77777778,-120,-120,-120,-120,-120,-90.5,-89.55555556,-120,-120,-120,-120,-120,-120,-87.03571429,-88.92857143,-120,-90.2,-120,-120,-120,-120,-120,-120,-120,-85.66666667,-120,-120,-120,-1
-120,-93,-120,-120,-120,-120,-120,-120,-120,-120,-120,-120,-120,-120,-120,-120,-67.96078431,-120,-120,-80.91666667,-120,-120,-120,-120,-120,-84,-120,-87.88888889,-120,-82,-120,-120,-120,-120,-120,-87,-120,-120,-120,-120,-120,-52.49019608,-43.2745098,-77.32653061,-84.64705882,-120,-120,-120,-120,-120,-120,-94,-120,-120,-120,-120,-120,-120,-120,-120,-120,-120,-120,-120,-120,-120,-120,-91.33333333,-120,-120,-88.1372549,-120,-120,-120,-87.79591837,-120,-120,-120,-120,-120,-120,-120,-120,-120,-120,-120,-120,-120,-120,-120,-120,-86.73170732,-93.73684211,-120,-120,-87,-87.63265306,-91.16666667,-120,-120,-120,-86.46428571,-85.02222222,-120,-120,-120,-120,-120,-88.33333333,-120,-120,-120,-120,-120,-92,-120,-120,-120,-120,-90.5,-120,-120,-120,-120,-120,-120,-120,-83.76190476,-120,-120,-120,-1
-120,-91,-120,-120,-120,-120,-120,-120,-120,-120,-120,-120,-120,-89.79411765,-86.97222222,-120,-77.48,-120,-120,-85,-120,-120,-120,-120,-120,-87.4047619,-120,-86.41463415,-120,-83.32653061,-120,-120,-120,-120,-120,-82.42857143,-120,-120,-120,-120,-120,-47.4,-120,-74.96,-120,-120,-120,-120,-120,-90,-120,-91,-120,-120,-120,-120,-120,-120,-120,-91.83333333,-120,-120,-120,-120,-120,-120,-120,-120,-120,-120,-86.8,-120,-120,-120,-89.29268293,-120,-120,-120,-120,-120,-120,-120,-120,-120,-120,-120,-120,-120,-120,-77.78571429,-120,-83.27272727,-120,-120,-120,-84.46341463,-85,-120,-120,-120,-120,-91,-89.27777778,-120,-120,-120,-120,-120,-91,-90.66666667,-120,-120,-120,-120,-120,-120,-88.75,-87.5,-120,-90.56521739,-120,-120,-120,-120,-120,-120,-120,-87.70967742,-120,-120,-120,-1
-120,-120,-120,-120,-120,-120,-120,-120,-120,-120,-120,-120,-120,-120,-93,-120,-63.47058824,-120,-120,-84,-120,-120,-120,-120,-120,-88,-120,-93,-120,-120,-120,-120,-120,-120,-120,-90.4375,-120,-120,-120,-120,-83,-48.19607843,-43.11764706,-87.2826087,-88.35294118,-120,-120,-120,-120,-120,-120,-120,-120,-120,-86.80392157,-120,-120,-120,-120,-90.85714286,-120,-120,-120,-120,-120,-120,-120,-120,-120,-120,-120,-120,-120,-120,-120,-120,-120,-120,-120,-120,-120,-120,-120,-120,-120,-120,-120,-120,-120,-85.65853659,-120,-83.90909091,-120,-120,-87,-88.96875,-88.13333333,-120,-120,-120,-120,-120,-90,-120,-120,-120,-120,-120,-120,-120,-89,-120,-120,-120,-120,-120,-120,-120,-120,-94.5,-120,-120,-120,-120,-120,-120,-120,-120,-94,-120,-120,-1
-120,-120,-120,-120,-120,-120,-120,-120,-120,-120,-120,-120,-120,-120,-120,-120,-65.7,-120,-120,-90.675,-120,-120,-120,-120,-120,-120,-120,-90,-120,-90.60869565,-120,-120,-120,-120,-120,-90.1,-120,-120,-120,-120,-120,-46.94,-120,-81.94871795,-120,-120,-120,-120,-120,-120,-120,-120,-120,-120,-89.38,-120,-120,-120,-120,-89.25,-120,-120,-120,-120,-120,-120,-120,-120,-120,-120,-91.25,-120,-120,-120,-120,-120,-120,-120,-120,-120,-120,-120,-120,-120,-120,-120,-120,-120,-120,-84.17647059,-120,-76.46,-120,-85.21428571,-120,-81,-120,-120,-120,-120,-120,-120,-91,-120,-120,-120,-120,-120,-120,-120,-88,-120,-120,-120,-120,-120,-120,-120,-120,-120,-120,-120,-120,-120,-120,-120,-120,-120,-120,-120,-120,-1
-120,-120,-120,-120,-120,-120,-120,-120,-120,-120,-120,-120,-120,-120,-120,-120,-75.45098039,-120,-120,-120,-120,-120,-120,-120,-120,-120,-120,-120,-120,-120,-120,-120,-120,-120,-120,-120,-120,-120,-120,-120,-120,-47.47058824,-120,-87,-120,-120,-120,-120,-120,-120,-120,-120,-120,-120,-91.62790698,-120,-120,-120,-120,-120,-120,-120,-120,-120,-120,-120,-120,-120,-120,-120,-89.425,-120,-120,-120,-120,-120,-120,-120,-120,-87,-120,-120,-120,-120,-120,-120,-120,-120,-120,-120,-120,-83.42857143,-120,-120,-120,-120,-120,-120,-120,-120,-120,-120,-120,-120,-120,-120,-120,-120,-120,-120,-93,-120,-120,-120,-120,-120,-120,-120,-120,-120,-120,-120,-120,-120,-120,-120,-120,-120,-120,-120,-120,-1
-120,-120,-120,-120,-120,-120,-120,-120,-85.77777778,-80.69387755,-120,-120,-89.375,-120,-120,-81.58823529,-87.85714286,-120,-88.66666667,-120,-86.44444444,-89.45,-90,-89,-89,-120,-120,-120,-88.47619048,-120,-120,-120,-89.33333333,-120,-86.95454545,-90.2,-120,-120,-89,-120,-120,-64.62745098,-120,-120,-120,-120,-88.67741935,-84.33333333,-87,-120,-90,-120,-120,-120,-120,-82.97826087,-120,-90,-88.4137931,-120,-120,-120,-89,-88.24,-90,-90.25,-120,-120,-120,-120,-120,-89.04761905,-89.71428571,-88,-120,-90.75,-81.82352941,-120,-120,-81.55555556,-120,-91,-120,-120,-120,-86,-120,-120,-120,-120,-120,-120,-120,-120,-120,-120,-120,-120,-89.5,-120,-120,-120,-120,-120,-80.25,-89.47058824,-120,-88.55172414,-120,-120,-120,-120,-120,-120,-120,-120,-120,-120,-120,-120,-120,-120,-91,-120,-90,-120,-120,-120,-120,-120,-120,1
-120,-120,-120,-120,-91,-120,-120,-120,-89.90909091,-89.14285714,-120,-120,-120,-120,-120,-89.10714286,-91.33333333,-120,-120,-120,-120,-120,-120,-120,-120,-120,-120,-120,-120,-120,-120,-120,-91,-120,-91,-120,-120,-120,-120,-120,-120,-75.11764706,-120,-120,-120,-120,-90,-88.22222222,-120,-120,-120,-120,-120,-120,-120,-120,-120,-120,-120,-120,-120,-120,-120,-91,-120,-120,-120,-120,-120,-120,-120,-120,-120,-90,-120,-120,-87.31372549,-120,-120,-89.86486486,-120,-120,-120,-120,-120,-120,-120,-120,-85,-120,-120,-120,-120,-120,-120,-120,-120,-120,-120,-120,-120,-120,-120,-120,-120,-120,-120,-120,-120,-120,-120,-120,-120,-120,-120,-120,-120,-120,-120,-120,-120,-120,-120,-120,-120,-120,-120,-120,-120,-120,-120,1
-120,-120,-120,-120,-120,-120,-120,-120,-90.68181818,-87.93023256,-89.5,-120,-120,-120,-120,-89.25806452,-120,-120,-120,-120,-120,-120,-120,-120,-120,-120,-120,-120,-120,-120,-120,-120,-120,-120,-89,-120,-120,-120,-120,-120,-120,-76.43137255,-120,-120,-120,-120,-120,-89.44736842,-120,-120,-120,-120,-120,-120,-120,-120,-120,-120,-120,-120,-120,-120,-120,-120,-120,-120,-120,-120,-120,-120,-120,-120,-120,-120,-120,-120,-89.95454545,-120,-120,-89.23809524,-120,-120,-120,-120,-120,-120,-120,-120,-120,-120,-120,-120,-120,-120,-120,-120,-120,-120,-120,-120,-120,-120,-120,-120,-120,-120,-120,-120,-120,-120,-120,-120,-120,-120,-120,-120,-120,-120,-120,-120,-120,-120,-120,-120,-120,-120,-120,-120,-120,-120,-120,1
-120,-120,-120,-120,-120,-120,-120,-120,-93,-87.33333333,-120,-120,-120,-120,-120,-90.26315789,-120,-120,-120,-120,-120,-120,-120,-120,-120,-120,-120,-120,-120,-120,-120,-120,-120,-120,-120,-120,-120,-120,-120,-120,-120,-79.8627451,-120,-120,-120,-120,-120,-120,-120,-120,-120,-120,-120,-120,-120,-120,-120,-120,-120,-120,-120,-120,-120,-90.25,-120,-120,-120,-120,-120,-120,-120,-120,-120,-120,-120,-120,-91.44736842,-120,-120,-88.51515152,-120,-120,-120,-120,-120,-120,-120,-120,-120,-120,-120,-120,-120,-120,-120,-120,-120,-120,-90.10869565,-120,-120,-120,-120,-120,-120,-120,-120,-120,-120,-120,-120,-120,-120,-120,-120,-120,-120,-120,-120,-120,-120,-120,-120,-120,-120,-120,-120,-120,-120,-120,-120,1
-120,-120,-120,-120,-120,-120,-120,-120,-91,-88.20588235,-120,-120,-120,-120,-120,-87.1875,-120,-120,-120,-120,-120,-120,-120,-120,-120,-120,-120,-120,-120,-120,-120,-120,-90.29411765,-120,-91,-120,-120,-120,-120,-120,-120,-82.24,-120,-120,-120,-120,-120,-90.71428571,-120,-120,-120,-120,-120,-120,-120,-120,-120,-120,-120,-120,-120,-120,-120,-85,-120,-120,-120,-120,-120,-120,-120,-120,-120,-120,-120,-120,-90.42857143,-120,-91.15789474,-89.69230769,-120,-91,-91,-120,-120,-120,-120,-120,-120,-120,-120,-120,-120,-120,-120,-120,-120,-120,-87.48,-120,-120,-120,-120,-120,-120,-120,-120,-120,-120,-120,-120,-120,-120,-120,-120,-120,-120,-120,-120,-120,-120,-120,-120,-120,-120,-120,-120,-120,-120,-120,-120,1
-120,-120,-120,-120,-120,-120,-120,-120,-120,-120,-120,-120,-120,-95,-120,-120,-83.37254902,-120,-120,-120,-120,-120,-120,-120,-120,-92.5,-120,-90.33333333,-120,-90.33333333,-120,-120,-120,-120,-120,-90.33333333,-120,-120,-120,-120,-120,-62.66666667,-51.98039216,-81.88235294,-86.11764706,-120,-120,-120,-120,-120,-120,-120,-120,-120,-120,-120,-120,-120,-120,-120,-120,-120,-120,-120,-120,-120,-120,-120,-120,-120,-120,-120,-120,-120,-93,-120,-120,-120,-120,-120,-120,-120,-120,-120,-120,-120,-120,-120,-120,-83,-120,-88.64,-94,-120,-120,-89.33333333,-86.44680851,-120,-120,-120,-120,-120,-90,-120,-120,-120,-120,-120,-120,-120,-120,-120,-120,-120,-120,-120,-93.93333333,-120,-120,-120,-120,-120,-120,-120,-120,-120,-120,-93.52941176,-120,-120,-120,-1
-120,-120,-120,-120,-120,-120,-120,-120,-120,-120,-120,-120,-120,-120,-120,-120,-83.4375,-120,-120,-90.05555556,-120,-120,-120,-120,-120,-89.15384615,-120,-89.45454545,-120,-86.8,-120,-120,-120,-120,-120,-87.84615385,-120,-120,-120,-120,-120,-60.54901961,-120,-77.36,-120,-120,-120,-120,-120,-120,-120,-120,-120,-120,-120,-120,-120,-120,-120,-120,-120,-120,-120,-120,-120,-120,-120,-120,-120,-120,-120,-120,-120,-120,-91,-120,-120,-120,-120,-120,-120,-120,-120,-120,-120,-120,-120,-120,-120,-77.2826087,-120,-120,-120,-120,-120,-84.8,-85.17857143,-120,-120,-120,-120,-120,-90.75,-120,-120,-120,-120,-120,-120,-120,-120,-120,-120,-120,-120,-120,-91,-120,-120,-91,-120,-120,-120,-120,-120,-120,-120,-90.03571429,-120,-120,-120,-1
-120,-120,-120,-120,-120,-120,-120,-120,-120,-120,-120,-120,-120,-120,-87.7037037,-120,-72.34,-120,-120,-84.66666667,-120,-120,-120,-120,-120,-86.2,-120,-87.23809524,-120,-86,-94,-120,-120,-120,-120,-87.28571429,-120,-120,-120,-120,-120,-57.44,-48.42,-79.24,-84.64,-120,-120,-120,-120,-120,-120,-94,-120,-120,-120,-120,-120,-120,-120,-120,-120,-120,-120,-120,-120,-120,-120,-95,-120,-120,-120,-120,-120,-120,-89.46153846,-120,-120,-120,-120,-120,-120,-120,-120,-120,-120,-120,-120,-120,-120,-74.51428571,-86.22222222,-86.86363636,-94.58823529,-120,-120,-84.71794872,-84.5,-90,-120,-120,-120,-120,-120,-120,-120,-120,-120,-120,-120,-120,-120,-120,-120,-120,-120,-120,-91.25,-91,-120,-93.06666667,-120,-120,-120,-120,-120,-120,-120,-88.125,-120,-120,-120,-1
-120,-120,-120,-120,-120,-120,-120,-120,-120,-120,-120,-120,-120,-91,-89.02439024,-120,-80.65217391,-120,-120,-87.25,-120,-120,-120,-120,-120,-85.95238095,-120,-88.97222222,-120,-84.97959184,-120,-120,-120,-120,-120,-85.60606061,-120,-120,-120,-120,-120,-57,-120,-75,-120,-120,-120,-120,-120,-90,-120,-120,-120,-120,-120,-120,-120,-120,-120,-120,-120,-120,-120,-120,-120,-120,-120,-120,-120,-120,-120,-120,-120,-120,-89.4,-120,-120,-120,-120,-120,-90.29166667,-120,-120,-120,-120,-120,-120,-120,-120,-72.22222222,-120,-84.86666667,-120,-120,-120,-83.03333333,-83.53571429,-120,-120,-120,-120,-90,-88.77272727,-120,-120,-120,-120,-120,-91,-91,-120,-120,-120,-120,-91,-120,-90.75,-91.6,-120,-92,-120,-120,-120,-120,-120,-120,-120,-88.94117647,-120,-120,-120,-1
-120,-91.85714286,-120,-120,-120,-120,-120,-120,-120,-120,-120,-120,-120,-120,-89.6,-120,-75.88,-120,-120,-83,-120,-120,-120,-120,-120,-85.45454545,-79.07142857,-87.58333333,-120,-120,-120,-120,-120,-120,-120,-86,-120,-120,-120,-120,-120,-56.8,-51.84,-75.76,-84.4,-120,-120,-120,-120,-120,-120,-120,-120,-120,-120,-120,-120,-120,-120,-120,-120,-120,-120,-120,-120,-120,-120,-93.42857143,-120,-120,-120,-120,-120,-120,-87.4,-120,-120,-120,-120,-120,-95,-120,-120,-120,-120,-120,-120,-120,-120,-80.45454545,-91,-85.22727273,-92.36,-120,-120,-87,-85.14285714,-120,-120,-120,-120,-120,-89.5,-120,-120,-120,-120,-120,-120,-120,-120,-120,-120,-120,-120,-120,-91.04347826,-120,-120,-92.4,-120,-120,-120,-120,-120,-120,-120,-88,-120,-120,-120,-1
-120,-120,-120,-120,-120,-120,-120,-120,-120,-120,-120,-120,-120,-89.95238095,-86.07317073,-120,-80.2745098,-120,-120,-88.14814815,-120,-120,-120,-120,-120,-86.7,-86.74074074,-83.43902439,-120,-81.71111111,-120,-120,-120,-120,-120,-85.7755102,-120,-120,-120,-120,-120,-56.92156863,-120,-73.62,-120,-120,-120,-120,-120,-120,-120,-120,-120,-120,-120,-120,-120,-120,-120,-120,-120,-120,-120,-120,-120,-120,-120,-120,-120,-120,-120,-120,-120,-120,-89,-120,-120,-120,-120,-120,-92.08333333,-120,-120,-120,-120,-120,-120,-120,-120,-70.8372093,-120,-120,-120,-120,-120,-84.9375,-83.04444444,-120,-120,-120,-120,-90,-86.37931034,-120,-120,-120,-120,-120,-91,-91,-120,-120,-120,-120,-120,-120,-89.62962963,-90.5,-120,-89.72413793,-120,-120,-120,-120,-120,-120,-120,-87.18181818,-120,-120,-120,-1
-120,-120,-120,-120,-120,-120,-120,-120,-120,-120,-120,-120,-120,-92,-84.5,-120,-75.94117647,-120,-120,-87.23076923,-120,-120,-120,-120,-120,-82.48,-120,-85.20833333,-120,-85.20689655,-120,-120,-120,-120,-120,-81.58064516,-120,-120,-120,-120,-120,-52.78431373,-53.07843137,-78.70588235,-85.05882353,-120,-120,-120,-120,-91.57142857,-120,-120,-120,-120,-120,-120,-120,-120,-120,-120,-120,-120,-120,-120,-120,-120,-120,-92.33333333,-120,-120,-120,-120,-120,-120,-87.125,-120,-120,-120,-120,-120,-92.5,-120,-120,-120,-120,-120,-120,-120,-120,-81.59090909,-120,-85.4,-93.14285714,-120,-120,-120,-84.66666667,-90.61538462,-120,-120,-120,-90,-85.5,-120,-120,-120,-120,-120,-120,-120,-120,-120,-120,-120,-120,-120,-87.85,-92.2,-120,-86,-120,-120,-120,-120,-120,-120,-120,-77.11111111,-120,-120,-120,-1
-120,-120,-120,-120,-120,-120,-120,-120,-120,-120,-120,-120,-120,-89.47058824,-83.33333333,-120,-78.48,-120,-120,-86.91428571,-120,-120,-120,-120,-120,-83.39130435,-120,-87.46153846,-120,-83.94594595,-120,-120,-120,-120,-120,-83.36363636,-120,-120,-120,-120,-120,-51.84,-120,-75.1875,-120,-120,-120,-120,-120,-120,-120,-120,-120,-120,-120,-120,-120,-120,-120,-120,-89.8,-120,-120,-120,-120,-120,-120,-120,-120,-120,-120,-120,-120,-120,-88.4,-120,-120,-120,-120,-120,-90.4,-120,-120,-120,-120,-120,-120,-120,-120,-76.24,-120,-84.75,-120,-120,-120,-85.17391304,-83.29166667,-120,-120,-120,-120,-91,-88.18181818,-120,-120,-120,-120,-120,-89,-90,-120,-120,-120,-120,-90,-120,-89.125,-89,-120,-90.33333333,-120,-120,-120,-120,-120,-120,-120,-83.3,-120,-120,-120,-1
-120,-95,-120,-120,-120,-120,-120,-120,-120,-120,-120,-120,-120,-120,-120,-120,-70.35294118,-120,-120,-85.41176471,-120,-120,-120,-120,-120,-79.19148936,-120,-87.13636364,-120,-86,-120,-120,-120,-120,-120,-76.81818182,-120,-120,-120,-120,-120,-49.33333333,-38.7254902,-76.47058824,-83.19607843,-92,-120,-120,-120,-120,-120,-95,-120,-120,-120,-120,-120,-120,-120,-92,-120,-120,-120,-120,-120,-120,-94,-94,-120,-120,-87.57142857,-120,-120,-120,-88.04444444,-120,-120,-120,-120,-120,-120,-120,-120,-120,-120,-120,-120,-120,-120,-120,-120,-85.47058824,-93,-120,-120,-87.96,-84.34693878,-89.73529412,-120,-120,-120,-88.66666667,-85.01960784,-120,-120,-120,-93.63636364,-120,-91,-95,-120,-120,-120,-120,-91.30769231,-120,-86.5,-120,-120,-91.33333333,-120,-120,-120,-120,-120,-120,-120,-87.0625,-120,-120,-120,-1
-120,-120,-120,-120,-120,-120,-120,-120,-120,-120,-120,-120,-120,-90,-86.17391304,-120,-74.56862745,-120,-120,-86.14893617,-120,-120,-120,-120,-120,-83.875,-120,-88.72727273,-120,-84.2,-120,-120,-120,-120,-120,-84.02325581,-120,-120,-120,-120,-120,-43.21568627,-120,-73.90196078,-120,-120,-120,-120,-120,-92,-120,-120,-120,-120,-120,-120,-120,-120,-120,-91.23076923,-92,-120,-120,-120,-120,-120,-120,-90.33333333,-120,-120,-85.56,-120,-120,-120,-90.6,-120,-120,-120,-120,-120,-90.34782609,-120,-120,-120,-120,-120,-120,-120,-120,-78.28571429,-120,-81.45454545,-120,-120,-120,-86.25,-85.52,-120,-120,-120,-120,-90.79310345,-89.02564103,-120,-120,-120,-120,-120,-120,-91,-120,-120,-120,-120,-90,-120,-89.375,-90.5,-120,-91,-120,-120,-120,-120,-120,-120,-120,-87.68292683,-120,-120,-120,-1
-120,-120,-120,-120,-120,-120,-120,-120,-120,-120,-120,-120,-120,-120,-120,-120,-67.31372549,-120,-120,-86,-120,-120,-120,-120,-120,-88.68421053,-120,-120,-120,-120,-120,-120,-120,-120,-120,-83,-120,-120,-120,-120,-120,-47.82352941,-36.94117647,-87.47058824,-85.82352941,-120,-120,-120,-120,-120,-120,-120,-120,-120,-92.94117647,-120,-120,-120,-120,-87.68,-120,-120,-120,-120,-120,-120,-120,-120,-120,-120,-96,-120,-120,-120,-94,-120,-120,-120,-120,-120,-120,-120,-120,-120,-120,-120,-120,-120,-120,-120,-120,-86.26086957,-93,-89,-120,-88.25490196,-88,-120,-120,-120,-120,-120,-90.41666667,-120,-120,-120,-120,-120,-120,-120,-94.88888889,-120,-120,-120,-90,-120,-120,-120,-120,-95,-120,-120,-120,-120,-120,-120,-120,-92,-120,-120,-120,-1
-120,-120,-120,-120,-120,-120,-120,-120,-120,-120,-120,-120,-120,-120,-89.95833333,-120,-68.88235294,-120,-120,-89.73529412,-120,-120,-120,-120,-120,-89.44444444,-120,-90.29411765,-120,-89.97142857,-120,-120,-120,-120,-120,-87.58974359,-120,-120,-120,-91.25,-120,-41.19607843,-120,-81.69767442,-120,-120,-120,-120,-120,-120,-120,-120,-120,-120,-87.56521739,-120,-120,-120,-120,-86.63829787,-120,-120,-120,-120,-120,-120,-120,-120,-120,-120,-89.8,-120,-120,-120,-120,-120,-120,-89.5,-120,-120,-120,-120,-120,-120,-120,-120,-120,-120,-120,-120,-120,-78.02222222,-120,-82.51219512,-120,-83.61538462,-120,-120,-120,-120,-120,-120,-90,-91.0625,-120,-120,-120,-120,-120,-120,-90.66666667,-120,-120,-120,-120,-120,-120,-120,-120,-92,-120,-120,-120,-120,-120,-120,-120,-120,-120,-120,-120,-1
-120,-120,-120,-120,-120,-120,-120,-120,-90,-91,-120,-120,-120,-120,-120,-88.76923077,-75.56862745,-120,-120,-92,-120,-120,-120,-120,-120,-120,-120,-120,-120,-120,-120,-120,-120,-120,-120,-93,-120,-120,-120,-120,-120,-44.92156863,-120,-86,-120,-120,-120,-92,-120,-120,-120,-120,-120,-120,-89.43478261,-120,-120,-120,-120,-92,-120,-120,-120,-120,-120,-120,-120,-120,-120,-120,-89.08571429,-120,-120,-120,-120,-120,-89.73333333,-120,-120,-90.08333333,-120,-120,-120,-120,-120,-120,-120,-120,-120,-87,-120,-83.14634146,-120,-120,-120,-120,-120,-120,-120,-120,-75.66666667,-120,-120,-120,-120,-120,-120,-120,-120,-120,-91,-120,-120,-120,-120,-120,-120,-120,-120,-120,-120,-120,-120,-120,-120,-120,-120,-120,-120,-120,-120,-1
-120,-120,-120,-120,-120,-120,-120,-120,-87.2,-83.04651163,-120,-120,-120,-120,-120,-80.7,-85.525,-120,-89.6,-120,-88.04166667,-120,-120,-120,-91,-120,-120,-120,-87.73333333,-120,-120,-120,-87.82608696,-120,-89,-120,-120,-120,-89.15384615,-120,-120,-61.37254902,-120,-120,-120,-120,-89.03703704,-85.96078431,-87.6,-120,-120,-120,-120,-120,-120,-85.34782609,-120,-90.66666667,-90.5,-120,-120,-120,-90.5,-88.55555556,-90.18181818,-90.45454545,-120,-120,-120,-120,-120,-90.66666667,-90.2,-88.18181818,-120,-90,-83.76,-120,-120,-80,-120,-91,-120,-120,-84,-120,-120,-120,-120,-120,-120,-84,-120,-120,-120,-120,-120,-120,-90,-120,-120,-120,-120,-120,-79.875,-120,-120,-88.42857143,-120,-120,-120,-120,-120,-120,-120,-120,-120,-120,-120,-120,-120,-120,-120,-120,-89.9,-120,-120,-120,-120,-120,-120,1
-120,-120,-120,-120,-120,-120,-120,-120,-85.5,-86.85416667,-120,-120,-89.33333333,-120,-120,-84.76,-88.8,-89,-120,-120,-86.8125,-120,-88.66666667,-120,-120,-120,-120,-120,-89.77777778,-120,-120,-120,-90.27272727,-120,-88.25,-120,-120,-120,-88.81818182,-120,-120,-68.84313725,-120,-120,-120,-120,-90,-85.52941176,-120,-120,-120,-120,-89.90909091,-120,-120,-120,-120,-90,-120,-120,-120,-120,-120,-89.05882353,-88.875,-86.65,-120,-120,-120,-120,-120,-90.13333333,-89.91666667,-89,-120,-120,-83.92156863,-120,-120,-87.46341463,-120,-87.92307692,-120,-120,-120,-86.25,-120,-120,-85,-120,-120,-120,-120,-120,-120,-120,-120,-120,-90,-120,-120,-120,-120,-120,-120,-120,-120,-120,-120,-120,-120,-120,-120,-90.6,-120,-120,-120,-120,-120,-120,-120,-120,-120,-120,-91,-120,-120,-120,-120,-91,-90,1
-120,-120,-120,-120,-120,-120,-120,-120,-90.78571429,-86.74418605,-120,-120,-120,-120,-120,-89.25,-120,-120,-120,-120,-120,-120,-120,-120,-120,-120,-120,-120,-120,-120,-120,-120,-120,-120,-120,-120,-120,-120,-120,-120,-120,-73.98,-120,-120,-120,-120,-120,-89.4,-120,-120,-120,-120,-120,-120,-120,-120,-120,-120,-120,-120,-120,-120,-120,-120,-120,-120,-120,-120,-120,-120,-120,-120,-120,-120,-120,-120,-88.80434783,-120,-120,-87.94285714,-120,-120,-120,-120,-120,-120,-120,-120,-120,-120,-120,-120,-120,-120,-120,-120,-120,-120,-120,-120,-120,-120,-120,-120,-120,-120,-120,-120,-120,-120,-120,-120,-120,-120,-120,-120,-120,-120,-120,-120,-120,-120,-120,-120,-93,-120,-120,-120,-120,-120,-120,1
-120,-120,-120,-120,-120,-120,-120,-120,-90,-86.79166667,-120,-120,-120,-120,-120,-84.76,-120,-120,-120,-120,-85,-120,-120,-120,-120,-120,-120,-120,-120,-120,-120,-120,-91,-120,-120,-120,-120,-120,-120,-120,-120,-78.52941176,-120,-120,-120,-120,-120,-120,-120,-120,-120,-120,-120,-120,-120,-120,-120,-120,-120,-120,-120,-120,-120,-86,-120,-120,-120,-120,-120,-120,-120,-120,-120,-120,-120,-120,-89.96078431,-120,-120,-89.26923077,-120,-120,-120,-120,-120,-120,-120,-120,-120,-120,-120,-120,-120,-120,-120,-120,-120,-120,-90.76744186,-120,-120,-120,-120,-120,-120,-120,-120,-120,-120,-120,-120,-120,-120,-120,-120,-120,-120,-120,-120,-120,-120,-120,-120,-120,-120,-120,-120,-120,-120,-120,-120,1
-120,-120,-120,-120,-120,-120,-120,-120,-120,-89.68888889,-120,-120,-120,-120,-120,-88.53658537,-120,-120,-120,-120,-120,-120,-120,-120,-120,-120,-120,-120,-120,-120,-120,-120,-120,-120,-120,-120,-120,-120,-120,-120,-120,-80.37254902,-120,-120,-120,-120,-120,-120,-120,-120,-120,-120,-120,-120,-120,-120,-120,-120,-120,-120,-120,-120,-120,-120,-120,-120,-120,-120,-120,-120,-120,-120,-120,-120,-120,-120,-90.24489796,-120,-93,-89.86956522,-120,-91.5,-91.05555556,-120,-120,-120,-120,-120,-120,-120,-120,-120,-120,-120,-120,-120,-120,-120,-89.47058824,-120,-120,-120,-120,-120,-120,-120,-120,-120,-120,-120,-120,-120,-120,-120,-120,-120,-120,-120,-120,-120,-120,-120,-120,-120,-120,-120,-120,-120,-120,-120,-120,1
-120,-120,-120,-120,-120,-120,-120,-120,-120,-120,-120,-120,-120,-94.69230769,-120,-120,-86.03921569,-120,-120,-92.26315789,-120,-120,-120,-120,-120,-85.43137255,-120,-90,-120,-92.81818182,-120,-120,-120,-120,-120,-85.36363636,-120,-120,-120,-120,-120,-64,-59.1372549,-84.17647059,-91.39215686,-120,-120,-120,-120,-120,-120,-120,-120,-120,-120,-120,-120,-120,-120,-120,-120,-120,-120,-120,-120,-120,-120,-120,-120,-120,-120,-120,-120,-120,-120,-120,-120,-120,-120,-120,-120,-120,-120,-120,-120,-120,-120,-120,-120,-87.68627451,-120,-89,-120,-120,-120,-89.37837838,-87.6,-120,-120,-120,-120,-120,-94,-120,-120,-120,-120,-120,-120,-120,-120,-120,-120,-120,-120,-120,-92.63636364,-120,-120,-120,-120,-120,-120,-120,-120,-120,-120,-93.2,-120,-120,-120,-1
-120,-120,-120,-120,-120,-120,-120,-120,-120,-120,-120,-120,-120,-120,-120,-120,-83.78571429,-120,-120,-88.86956522,-120,-120,-120,-120,-120,-87.69230769,-120,-89.82758621,-120,-85.51282051,-120,-120,-120,-120,-120,-89.26315789,-120,-120,-120,-120,-120,-59.60784314,-120,-81.56521739,-120,-120,-120,-120,-120,-120,-120,-120,-120,-120,-120,-120,-120,-120,-120,-120,-120,-120,-120,-120,-120,-120,-120,-120,-120,-120,-120,-120,-120,-120,-90.5,-120,-120,-120,-120,-120,-120,-120,-120,-120,-120,-120,-120,-120,-120,-74.5,-120,-120,-120,-120,-120,-83.42307692,-85.84615385,-120,-120,-120,-120,-120,-89.63636364,-120,-120,-120,-120,-120,-120,-120,-120,-120,-120,-120,-120,-120,-91,-120,-120,-91,-120,-120,-120,-120,-120,-120,-120,-89.03333333,-120,-120,-120,-1
-120,-120,-120,-120,-120,-120,-120,-120,-120,-120,-120,-120,-120,-92,-90.28125,-120,-80,-120,-120,-88.74193548,-120,-120,-120,-120,-120,-87.55813953,-120,-86,-120,-86,-120,-120,-120,-120,-120,-86.48148148,-120,-120,-120,-120,-120,-53.78431373,-120,-75.74509804,-120,-120,-120,-120,-120,-120,-120,-120,-120,-120,-90,-120,-120,-120,-120,-120,-120,-120,-120,-120,-120,-120,-120,-120,-120,-120,-120,-120,-120,-120,-91,-120,-120,-120,-120,-120,-90.66666667,-120,-120,-120,-120,-120,-120,-120,-120,-74.14285714,-120,-83,-120,-120,-120,-83.36111111,-84.88888889,-120,-120,-120,-120,-120,-89.57142857,-120,-120,-120,-120,-120,-120,-120,-120,-120,-120,-120,-120,-120,-89.36363636,-120,-120,-90.81818182,-120,-120,-120,-120,-120,-120,-120,-89.03703704,-120,-120,-120,-1
-120,-120,-120,-120,-120,-120,-120,-120,-120,-120,-120,-120,-120,-91.38095238,-87.56410256,-120,-78.45098039,-120,-120,-87.88571429,-120,-120,-120,-120,-120,-87.68421053,-120,-87.24390244,-120,-84.69047619,-93,-120,-120,-120,-120,-85.21428571,-120,-120,-120,-120,-120,-55.60784314,-120,-76.81632653,-120,-120,-120,-120,-120,-120,-120,-120,-120,-120,-90,-120,-90,-120,-120,-120,-120,-120,-120,-120,-120,-120,-120,-120,-120,-120,-120,-120,-120,-120,-91.4,-120,-120,-120,-120,-120,-89.14814815,-120,-120,-120,-120,-120,-120,-120,-120,-74.26530612,-120,-83.83333333,-120,-120,-120,-84.83333333,-84.41666667,-120,-120,-120,-120,-88,-88.47826087,-120,-120,-120,-120,-120,-120,-120,-120,-120,-120,-120,-120,-120,-90.63636364,-91,-120,-90.73333333,-120,-120,-120,-120,-120,-120,-120,-88.73809524,-120,-120,-120,-1
-120,-120,-120,-120,-120,-120,-120,-120,-120,-120,-120,-120,-120,-120,-90.42857143,-120,-77.15686275,-120,-120,-88.33333333,-120,-120,-120,-120,-120,-120,-86,-87.69565217,-120,-88.66666667,-120,-120,-120,-120,-120,-82.42857143,-120,-120,-120,-120,-120,-58.82352941,-50.50980392,-77,-84.07843137,-120,-120,-120,-120,-120,-120,-120,-120,-120,-93,-120,-120,-120,-120,-120,-120,-120,-120,-120,-120,-120,-120,-92.375,-120,-120,-120,-120,-120,-120,-120,-120,-120,-120,-120,-120,-94.22222222,-120,-120,-120,-120,-120,-120,-120,-120,-77.76923077,-120,-88.68421053,-91.82352941,-120,-120,-86.02439024,-85.5,-120,-120,-120,-120,-120,-83.07407407,-120,-120,-120,-120,-120,-120,-120,-120,-120,-120,-120,-120,-120,-89.88372093,-93,-120,-90,-120,-120,-120,-120,-120,-120,-120,-120,-120,-120,-120,-1
-120,-120,-120,-120,-120,-120,-120,-120,-120,-120,-120,-120,-120,-90.4,-89.04347826,-120,-77.88,-120,-120,-87.54545455,-120,-120,-120,-120,-120,-86.17948718,-89,-86.71428571,-120,-82.37777778,-120,-120,-120,-120,-120,-83.4,-120,-120,-120,-120,-120,-52.76,-120,-73.08,-120,-120,-120,-120,-120,-89,-120,-91,-120,-120,-90.92307692,-120,-120,-120,-120,-120,-120,-120,-120,-120,-120,-120,-120,-120,-120,-120,-120,-120,-120,-120,-89.92857143,-120,-120,-120,-120,-120,-91.23076923,-120,-120,-120,-120,-120,-120,-120,-120,-74.79310345,-120,-83.42857143,-120,-120,-120,-84,-85.42857143,-120,-120,-120,-120,-90,-87.04166667,-120,-120,-120,-120,-120,-91,-120,-120,-120,-120,-120,-90,-120,-88.88,-88.47619048,-120,-90.5625,-120,-120,-120,-120,-120,-120,-120,-88,-120,-120,-120,-1
-120,-120,-120,-120,-120,-120,-120,-120,-120,-120,-120,-120,-120,-93.55555556,-89.27272727,-120,-78.3,-120,-120,-86.23076923,-120,-120,-120,-120,-120,-83.22222222,-120,-86.46153846,-120,-86.94117647,-120,-120,-120,-93,-120,-82.06060606,-120,-120,-120,-120,-120,-52.02,-48.08,-76.14,-85.12,-120,-120,-120,-120,-93,-120,-120,-120,-120,-97,-120,-120,-120,-120,-120,-120,-120,-120,-120,-120,-120,-120,-120,-120,-120,-120,-120,-120,-120,-87.21052632,-120,-120,-120,-120,-120,-95,-120,-120,-120,-120,-120,-120,-120,-120,-80.34615385,-86,-86.06666667,-92.6744186,-120,-120,-120,-79.95652174,-120,-120,-120,-120,-85,-85,-120,-120,-120,-120,-120,-120,-120,-120,-120,-120,-120,-90,-120,-88.67857143,-95,-120,-92.47058824,-120,-120,-120,-120,-120,-120,-120,-82.38095238,-120,-120,-120,-1
-120,-120,-120,-120,-120,-120,-120,-120,-120,-120,-120,-120,-120,-89.72413793,-83.92592593,-120,-78.05882353,-120,-120,-87.19512195,-120,-120,-120,-120,-120,-85.975,-120,-87.27906977,-120,-83.09090909,-120,-120,-120,-120,-120,-83.52380952,-120,-120,-120,-120,-120,-49.35294118,-120,-75.64705882,-120,-120,-120,-120,-120,-90.33333333,-120,-120,-120,-120,-91,-120,-120,-120,-120,-120,-91,-120,-120,-120,-120,-120,-120,-93,-120,-120,-120,-120,-120,-120,-89,-120,-120,-120,-120,-120,-89.7,-120,-120,-120,-120,-120,-120,-120,-120,-73.65217391,-120,-82.84210526,-120,-120,-120,-83.225,-83.90625,-120,-120,-120,-120,-120,-86.29411765,-120,-120,-120,-120,-120,-120,-120,-120,-120,-120,-120,-90.5,-120,-89.5,-89.65,-120,-90,-120,-120,-120,-120,-120,-120,-120,-82.97297297,-120,-120,-120,-1
-120,-93,-120,-120,-120,-120,-120,-120,-120,-120,-120,-120,-120,-94,-85.27272727,-120,-71.64705882,-120,-120,-93,-120,-120,-120,-120,-120,-82.76744186,-120,-86.71428571,-120,-86.42105263,-120,-120,-120,-94.4,-120,-83.74193548,-120,-120,-120,-120,-120,-50.01960784,-41.03921569,-77.92156863,-85.90196078,-92,-120,-120,-120,-120,-120,-120,-120,-120,-120,-120,-120,-120,-120,-120,-91.52941176,-120,-120,-120,-120,-120,-120,-92.57142857,-120,-120,-88.71428571,-120,-120,-120,-89.93877551,-120,-120,-120,-120,-120,-120,-120,-120,-120,-120,-120,-120,-120,-120,-84,-90,-86.8,-92.33333333,-120,-120,-87.64444444,-88.85714286,-90,-120,-120,-120,-88.2,-85.57142857,-120,-120,-120,-92,-120,-120,-94,-120,-120,-120,-120,-90.5,-120,-120,-120,-120,-91,-120,-120,-120,-120,-120,-120,-120,-93,-91,-120,-120,-1
-120,-120,-120,-120,-120,-120,-120,-120,-120,-120,-120,-120,-120,-120,-90.52380952,-120,-74.50980392,-120,-120,-89.51428571,-120,-120,-120,-120,-120,-88.125,-120,-91.14285714,-120,-89.84,-120,-120,-120,-120,-120,-88.61111111,-120,-120,-120,-120,-120,-54.88235294,-120,-80.70588235,-120,-120,-120,-120,-120,-120,-120,-120,-120,-120,-120,-120,-120,-120,-120,-91,-120,-120,-120,-120,-120,-120,-120,-120,-120,-120,-90.8,-120,-120,-120,-120,-120,-120,-120,-120,-120,-92.25,-120,-120,-120,-120,-120,-120,-120,-120,-120,-120,-120,-120,-120,-120,-120,-85,-120,-120,-120,-120,-120,-90.5,-120,-120,-120,-120,-120,-120,-120,-120,-120,-120,-120,-120,-120,-120,-120,-120,-120,-120,-120,-120,-120,-120,-120,-120,-90.63636364,-120,-120,-120,-1
-120,-95,-120,-120,-120,-120,-120,-120,-120,-120,-120,-120,-120,-95,-120,-120,-71.76,-120,-120,-120,-120,-120,-120,-120,-120,-90.64285714,-120,-92.35483871,-120,-92,-120,-120,-120,-120,-120,-86.21428571,-120,-120,-120,-88,-120,-48.04,-38.08,-87,-90.78,-120,-120,-120,-120,-120,-120,-89,-120,-120,-88.02,-120,-120,-120,-120,-84,-120,-120,-120,-120,-120,-120,-120,-120,-120,-120,-95,-120,-120,-120,-92.38636364,-120,-120,-90,-120,-120,-120,-120,-120,-120,-120,-120,-120,-120,-120,-81.5483871,-120,-89,-91.2,-120,-120,-87.69767442,-87,-120,-120,-120,-120,-120,-87,-120,-120,-120,-120,-120,-120,-120,-91.9,-120,-120,-120,-120,-120,-120,-120,-120,-94,-120,-120,-120,-120,-120,-120,-120,-120,-120,-120,-120,-1
-120,-120,-120,-120,-120,-120,-120,-120,-120,-120,-120,-120,-120,-120,-91,-120,-75.05882353,-120,-120,-120,-120,-120,-120,-120,-120,-92,-120,-120,-120,-91.36363636,-120,-120,-120,-120,-120,-90.06896552,-120,-120,-120,-120,-120,-49.94117647,-120,-86,-120,-120,-120,-120,-120,-120,-120,-120,-120,-120,-88.94,-120,-120,-120,-120,-89.57142857,-120,-120,-120,-120,-120,-120,-120,-120,-120,-120,-91.18421053,-120,-120,-120,-120,-120,-120,-120,-120,-120,-120,-120,-120,-120,-120,-120,-120,-120,-120,-85.5,-120,-83,-120,-120,-120,-85,-120,-120,-120,-120,-120,-120,-120,-93,-120,-120,-120,-120,-120,-120,-91.55555556,-120,-120,-120,-120,-120,-120,-120,-120,-120,-120,-120,-120,-120,-120,-120,-120,-120,-120,-120,-120,-1
-120,-120,-120,-120,-120,-120,-120,-120,-120,-120,-120,-91,-120,-120,-120,-120,-75.74509804,-120,-120,-120,-120,-120,-120,-120,-120,-120,-120,-120,-120,-120,-120,-120,-120,-120,-120,-120,-120,-120,-120,-120,-120,-46.92156863,-120,-120,-120,-120,-120,-120,-120,-120,-120,-120,-120,-120,-90.5,-120,-120,-120,-120,-120,-120,-120,-120,-120,-120,-120,-120,-120,-120,-120,-90.90243902,-120,-120,-120,-120,-120,-120,-120,-120,-87,-120,-120,-120,-120,-120,-120,-120,-120,-120,-86,-120,-83.54166667,-120,-120,-120,-120,-120,-120,-120,-120,-120,-120,-120,-120,-120,-120,-120,-120,-120,-120,-120,-120,-120,-120,-120,-120,-120,-120,-120,-120,-120,-120,-120,-120,-120,-120,-120,-120,-120,-120,-120,-1
-120,-120,-90,-120,-120,-120,-120,-120,-86.76315789,-84.09756098,-120,-85,-120,-120,-120,-79.02,-86.58823529,-120,-88.25,-120,-86.78378378,-120,-120,-89.5,-90.625,-120,-120,-120,-90,-120,-120,-120,-88.35294118,-120,-89,-120,-89,-120,-90.76470588,-120,-120,-65.82352941,-120,-120,-120,-120,-88.70588235,-83.26,-90.25,-120,-120,-120,-120,-120,-120,-87,-120,-90,-90.16666667,-120,-120,-120,-88,-87.58823529,-91.33333333,-90,-120,-120,-120,-120,-91,-87.5,-89.81818182,-89.66666667,-120,-120,-83.48,-120,-120,-81.24444444,-120,-88,-120,-120,-120,-85.33333333,-120,-120,-120,-120,-120,-83,-120,-120,-120,-120,-120,-120,-90,-91,-120,-120,-120,-120,-120,-88,-120,-89.6,-120,-120,-120,-120,-120,-120,-120,-120,-120,-120,-120,-120,-120,-120,-120,-120,-89.5,-120,-120,-120,-120,-120,-120,1
-120,-120,-120,-120,-120,-120,-120,-120,-85.4,-86.56097561,-120,-120,-91,-120,-120,-88.58536585,-120,-120,-86,-120,-85.5,-120,-120,-120,-120,-120,-120,-120,-88.5,-120,-120,-91.5,-88,-120,-85,-120,-120,-120,-86,-120,-120,-75.49019608,-120,-120,-120,-120,-91,-87.14285714,-120,-120,-120,-120,-120,-120,-120,-120,-120,-90,-120,-120,-120,-120,-120,-89,-120,-120,-120,-120,-120,-120,-120,-120,-120,-120,-120,-120,-88.76315789,-120,-120,-87.40909091,-120,-88,-120,-120,-120,-84.33333333,-120,-120,-83,-120,-120,-120,-120,-120,-120,-120,-120,-120,-89,-120,-120,-120,-120,-120,-120,-120,-120,-120,-120,-120,-120,-120,-120,-88,-120,-120,-120,-120,-120,-120,-120,-120,-120,-120,-91,-120,-120,-120,-120,-120,-120,1
-120,-120,-120,-120,-120,-120,-120,-120,-120,-89.16,-120,-120,-91,-120,-120,-89.44827586,-120,-120,-120,-120,-120,-120,-120,-120,-120,-120,-120,-120,-120,-120,-120,-120,-120,-120,-120,-120,-120,-120,-120,-120,-120,-77.41176471,-120,-120,-120,-120,-120,-89,-120,-120,-120,-120,-120,-120,-120,-120,-120,-120,-120,-120,-120,-120,-120,-90.625,-120,-120,-120,-120,-120,-120,-120,-87,-120,-120,-120,-120,-88.76470588,-120,-120,-90.18918919,-120,-120,-120,-120,-120,-120,-120,-120,-120,-120,-120,-120,-120,-120,-120,-120,-120,-120,-92,-120,-120,-120,-120,-120,-120,-120,-120,-120,-120,-120,-120,-120,-120,-120,-120,-120,-120,-120,-120,-120,-120,-120,-120,-120,-120,-120,-120,-120,-120,-120,-120,1
-120,-120,-120,-120,-120,-120,-120,-120,-91,-88.18604651,-120,-120,-120,-120,-120,-89.7027027,-120,-120,-120,-120,-120,-120,-120,-120,-120,-120,-120,-120,-120,-120,-120,-120,-91.375,-120,-89,-120,-120,-120,-120,-120,-120,-76.7254902,-120,-120,-120,-120,-120,-90,-120,-120,-120,-120,-120,-120,-120,-120,-120,-120,-120,-120,-120,-120,-120,-89,-120,-120,-120,-120,-120,-120,-120,-120,-120,-120,-120,-120,-88.78431373,-120,-120,-91,-120,-120,-120,-120,-120,-120,-120,-120,-120,-120,-120,-120,-120,-120,-120,-120,-120,-120,-86.78431373,-120,-120,-120,-120,-120,-120,-120,-120,-120,-120,-120,-120,-120,-120,-120,-120,-120,-120,-120,-120,-120,-120,-120,-120,-120,-120,-120,-120,-120,-120,-120,-120,1
-120,-120,-120,-120,-120,-120,-120,-120,-120,-90.6,-120,-120,-120,-120,-120,-89.47368421,-120,-120,-120,-120,-120,-120,-120,-120,-120,-120,-120,-120,-120,-120,-120,-120,-120,-120,-120,-120,-120,-120,-120,-120,-120,-84.6,-120,-120,-120,-120,-120,-120,-120,-120,-120,-120,-120,-120,-120,-120,-120,-120,-120,-120,-120,-120,-120,-91,-120,-120,-120,-120,-120,-120,-120,-120,-120,-120,-120,-120,-90.48484848,-120,-120,-120,-120,-91,-92.3,-120,-120,-120,-120,-120,-120,-120,-120,-120,-120,-120,-120,-120,-120,-120,-83.9,-120,-120,-120,-120,-120,-120,-120,-120,-120,-120,-120,-120,-120,-120,-120,-120,-120,-120,-120,-120,-120,-120,-120,-120,-120,-120,-120,-120,-120,-120,-120,-120,1
